identifier,direction,start_index,end_index,price_eur_mw_h,cap_max_mw,block_hours,coverage_hours,committed_mw,capacity_revenue_eur
afrr:2025-01-01:0-4:up,up,0,16,16.86,1.0,4.0,4.0,0.5,33.72
afrr:2025-01-01:4-8:up,up,16,32,16.86,1.0,4.0,4.0,1.0,67.44
afrr:2025-01-01:8-12:up,up,32,48,16.86,1.0,4.0,4.0,1.0,67.44
afrr:2025-01-01:12-16:up,up,48,64,16.86,1.0,4.0,4.0,1.0,67.44
afrr:2025-01-01:16-20:up,up,64,80,16.86,1.0,4.0,4.0,1.0,67.44
afrr:2025-01-01:20-24:up,up,80,96,16.86,1.0,4.0,4.0,0.6691000000000001,45.12410400000001
afrr:2025-01-02:0-4:up,up,96,112,16.86,1.0,4.0,4.0,1.0,67.44
afrr:2025-01-02:4-8:up,up,112,128,16.86,1.0,4.0,4.0,0.6979500000000003,47.06974800000002
afrr:2025-01-02:8-12:up,up,128,144,16.86,1.0,4.0,4.0,0.9559000000000001,64.465896
afrr:2025-01-02:12-16:up,up,144,160,16.86,1.0,4.0,4.0,0.98750625,66.5974215
afrr:2025-01-02:16-20:up,up,160,176,16.86,1.0,4.0,4.0,1.0,67.44
afrr:2025-01-02:20-24:up,up,176,192,16.86,1.0,4.0,4.0,0.9295500000000001,62.688852000000004
afrr:2025-01-03:0-4:up,up,192,208,16.86,1.0,4.0,4.0,0.4507781250000004,30.400476750000028
afrr:2025-01-03:4-8:up,up,208,224,16.86,1.0,4.0,4.0,0.7570335937500003,51.054345562500025
afrr:2025-01-03:8-12:up,up,224,240,16.86,1.0,4.0,4.0,0.8548416015625,57.650517609375
afrr:2025-01-03:12-16:up,up,240,256,16.86,1.0,4.0,4.0,1.0,67.44
afrr:2025-01-03:16-20:up,up,256,272,16.86,1.0,4.0,4.0,0.95275,64.25345999999999
afrr:2025-01-03:20-24:up,up,272,288,16.86,1.0,4.0,4.0,0.8654593749999998,58.366580249999984
afrr:2025-01-04:0-4:up,up,288,304,16.86,1.0,4.0,4.0,0.7195527343750001,48.526636406250006
afrr:2025-01-04:4-8:up,up,304,320,16.86,1.0,4.0,4.0,0.943876923076923,63.65505969230768
afrr:2025-01-04:8-12:up,up,320,336,16.86,1.0,4.0,4.0,0.95275,64.25345999999999
afrr:2025-01-04:12-16:up,up,336,352,16.86,1.0,4.0,4.0,1.0,67.44
afrr:2025-01-04:16-20:up,up,352,368,16.86,1.0,4.0,4.0,0.9340571428571427,62.9928137142857
afrr:2025-01-04:20-24:up,up,368,384,16.86,1.0,4.0,4.0,1.0,67.44
afrr:2025-01-05:0-4:up,up,384,400,16.86,1.0,4.0,4.0,0.9086500000000001,61.279356
afrr:2025-01-05:4-8:up,up,400,416,16.86,1.0,4.0,4.0,1.0,67.44
afrr:2025-01-05:8-12:up,up,416,432,16.86,1.0,4.0,4.0,1.0,67.44
afrr:2025-01-05:12-16:up,up,432,448,16.86,1.0,4.0,4.0,0.98475,66.41154
afrr:2025-01-05:16-20:up,up,448,464,16.86,1.0,4.0,4.0,0.3704906250000003,24.985887750000018
afrr:2025-01-05:20-24:up,up,464,480,16.86,1.0,4.0,4.0,0.5991679687500003,40.40788781250002
afrr:2025-01-06:0-4:up,up,480,496,16.86,1.0,4.0,4.0,1.0,67.44
afrr:2025-01-06:4-8:up,up,496,512,16.86,1.0,4.0,4.0,1.0,67.44
afrr:2025-01-06:8-12:up,up,512,528,16.86,1.0,4.0,4.0,0.98475,66.41154
afrr:2025-01-06:12-16:up,up,528,544,16.86,1.0,4.0,4.0,0.8180266666666667,55.1677184
afrr:2025-01-06:16-20:up,up,544,560,16.86,1.0,4.0,4.0,1.0,67.44
afrr:2025-01-06:20-24:up,up,560,576,16.86,1.0,4.0,4.0,1.0,67.44
afrr:2025-01-07:0-4:up,up,576,592,16.86,1.0,4.0,4.0,0.7500000000000001,50.580000000000005
afrr:2025-01-07:4-8:up,up,592,608,16.86,1.0,4.0,4.0,1.0,67.44
afrr:2025-01-07:8-12:up,up,608,624,16.86,1.0,4.0,4.0,1.0,67.44
afrr:2025-01-07:12-16:up,up,624,640,16.86,1.0,4.0,4.0,1.0,67.44
afrr:2025-01-07:16-20:up,up,640,656,16.86,1.0,4.0,4.0,0.5337633861055885,35.99700275896089
afrr:2025-01-07:20-24:up,up,656,672,16.86,1.0,4.0,4.0,1.0,67.44
afrr:2025-01-08:0-4:up,up,672,688,16.86,1.0,4.0,4.0,1.0,67.44
afrr:2025-01-08:4-8:up,up,688,704,16.86,1.0,4.0,4.0,1.0,67.44
afrr:2025-01-08:8-12:up,up,704,720,16.86,1.0,4.0,4.0,0.9695,65.38308
afrr:2025-01-08:12-16:up,up,720,736,16.86,1.0,4.0,4.0,0.95275,64.25345999999999
afrr:2025-01-08:16-20:up,up,736,752,16.86,1.0,4.0,4.0,0.6880312499999998,46.400827499999984
afrr:2025-01-08:20-24:up,up,752,768,16.86,1.0,4.0,4.0,1.0,67.44
afrr:2025-01-09:0-4:up,up,768,784,16.86,1.0,4.0,4.0,1.0,67.44
afrr:2025-01-09:4-8:up,up,784,800,16.86,1.0,4.0,4.0,1.0,67.44
afrr:2025-01-09:8-12:up,up,800,816,16.86,1.0,4.0,4.0,0.9832944444444444,66.31337733333332
afrr:2025-01-09:12-16:up,up,816,832,16.86,1.0,4.0,4.0,0.9674208333333333,65.24286099999999
afrr:2025-01-09:16-20:up,up,832,848,16.86,1.0,4.0,4.0,1.0,67.44
afrr:2025-01-09:20-24:up,up,848,864,16.86,1.0,4.0,4.0,0.851800163609292,57.44540303381065
afrr:2025-01-10:0-4:up,up,864,880,16.86,1.0,4.0,4.0,0.9880249795488383,66.63240462077366
afrr:2025-01-10:4-8:up,up,880,896,16.86,1.0,4.0,4.0,1.0,67.44
afrr:2025-01-10:8-12:up,up,896,912,16.86,1.0,4.0,4.0,0.9695,65.38308
afrr:2025-01-10:12-16:up,up,912,928,16.86,1.0,4.0,4.0,0.7756571428571427,52.3103177142857
afrr:2025-01-10:16-20:up,up,928,944,16.86,1.0,4.0,4.0,0.9559000000000001,64.465896
afrr:2025-01-10:20-24:up,up,944,960,16.86,1.0,4.0,4.0,0.8207687499999999,55.3526445
afrr:2025-01-11:0-4:up,up,960,976,16.86,1.0,4.0,4.0,1.0,67.44
afrr:2025-01-11:4-8:up,up,976,992,16.86,1.0,4.0,4.0,0.7669,51.719736
afrr:2025-01-11:8-12:up,up,992,1008,16.86,1.0,4.0,4.0,1.0,67.44
afrr:2025-01-11:12-16:up,up,1008,1024,16.86,1.0,4.0,4.0,1.0,67.44
afrr:2025-01-11:16-20:up,up,1024,1040,16.86,1.0,4.0,4.0,1.0,67.44
afrr:2025-01-11:20-24:up,up,1040,1056,16.86,1.0,4.0,4.0,0.9815999999999999,66.19910399999999
afrr:2025-01-12:0-4:up,up,1056,1072,16.86,1.0,4.0,4.0,1.0,67.44
afrr:2025-01-12:4-8:up,up,1072,1088,16.86,1.0,4.0,4.0,1.0,67.44
afrr:2025-01-12:8-12:up,up,1088,1104,16.86,1.0,4.0,4.0,0.9833836781609194,66.31939525517241
afrr:2025-01-12:12-16:up,up,1104,1120,16.86,1.0,4.0,4.0,0.9589340020858292,64.67050910066833
afrr:2025-01-12:16-20:up,up,1120,1136,16.86,1.0,4.0,4.0,1.0,67.44
afrr:2025-01-12:20-24:up,up,1136,1152,16.86,1.0,4.0,4.0,0.5541948717948719,37.374902153846165
afrr:2025-01-13:0-4:up,up,1152,1168,16.86,1.0,4.0,4.0,0.8314461538461538,56.07272861538461
afrr:2025-01-13:4-8:up,up,1168,1184,16.86,1.0,4.0,4.0,1.0,67.44
afrr:2025-01-13:8-12:up,up,1184,1200,16.86,1.0,4.0,4.0,0.9375,63.224999999999994
afrr:2025-01-13:12-16:up,up,1200,1216,16.86,1.0,4.0,4.0,0.9670984806586705,65.22112153562074
afrr:2025-01-13:16-20:up,up,1216,1232,16.86,1.0,4.0,4.0,0.9553727853212528,64.43034064206529
afrr:2025-01-13:20-24:up,up,1232,1248,16.86,1.0,4.0,4.0,0.9563176027522651,64.49405912961275
afrr:2025-01-14:0-4:up,up,1248,1264,16.86,1.0,4.0,4.0,1.0,67.44
afrr:2025-01-14:4-8:up,up,1264,1280,16.86,1.0,4.0,4.0,1.0,67.44
afrr:2025-01-14:8-12:up,up,1280,1296,16.86,1.0,4.0,4.0,0.98475,66.41154
afrr:2025-01-14:12-16:up,up,1296,1312,16.86,1.0,4.0,4.0,0.6504676722241184,43.86753981479454
afrr:2025-01-14:16-20:up,up,1312,1328,16.86,1.0,4.0,4.0,1.0,67.44
afrr:2025-01-14:20-24:up,up,1328,1344,16.86,1.0,4.0,4.0,0.7759053805439946,52.327058863887
afrr:2025-01-15:0-4:up,up,1344,1360,16.86,1.0,4.0,4.0,0.9340571428571427,62.9928137142857
afrr:2025-01-15:4-8:up,up,1360,1376,16.86,1.0,4.0,4.0,1.0,67.44
afrr:2025-01-15:8-12:up,up,1376,1392,16.86,1.0,4.0,4.0,0.9663499999999999,65.170644
afrr:2025-01-15:12-16:up,up,1392,1408,16.86,1.0,4.0,4.0,0.8107749999999997,54.67866599999998
afrr:2025-01-15:16-20:up,up,1408,1424,16.86,1.0,4.0,4.0,1.0,67.44
afrr:2025-01-15:20-24:up,up,1424,1440,16.86,1.0,4.0,4.0,0.6981815013050413,47.08536044801198
afrr:2025-01-16:0-4:up,up,1440,1456,16.86,1.0,4.0,4.0,1.0,67.44
afrr:2025-01-16:4-8:up,up,1456,1472,16.86,1.0,4.0,4.0,0.86455,58.305252
afrr:2025-01-16:8-12:up,up,1472,1488,16.86,1.0,4.0,4.0,0.9844571428571428,66.39178971428571
afrr:2025-01-16:12-16:up,up,1488,1504,16.86,1.0,4.0,4.0,1.0,67.44
afrr:2025-01-16:16-20:up,up,1504,1520,16.86,1.0,4.0,4.0,1.0,67.44
afrr:2025-01-16:20-24:up,up,1520,1536,16.86,1.0,4.0,4.0,1.0,67.44
afrr:2025-01-17:0-4:up,up,1536,1552,16.86,1.0,4.0,4.0,1.0,67.44
afrr:2025-01-17:4-8:up,up,1552,1568,16.86,1.0,4.0,4.0,1.0,67.44
afrr:2025-01-17:8-12:up,up,1568,1584,16.86,1.0,4.0,4.0,0.9375,63.224999999999994
afrr:2025-01-17:12-16:up,up,1584,1600,16.86,1.0,4.0,4.0,1.0,67.44
afrr:2025-01-17:16-20:up,up,1600,1616,16.86,1.0,4.0,4.0,0.9085000000000001,61.26924
afrr:2025-01-17:20-24:up,up,1616,1632,16.86,1.0,4.0,4.0,0.43218750000000017,29.14672500000001
afrr:2025-01-18:0-4:up,up,1632,1648,16.86,1.0,4.0,4.0,1.0,67.44
afrr:2025-01-18:4-8:up,up,1648,1664,16.86,1.0,4.0,4.0,0.6735466666666666,45.4239872
afrr:2025-01-18:8-12:up,up,1664,1680,16.86,1.0,4.0,4.0,1.0,67.44
afrr:2025-01-18:12-16:up,up,1680,1696,16.86,1.0,4.0,4.0,0.95425,64.35462
afrr:2025-01-18:16-20:up,up,1696,1712,16.86,1.0,4.0,4.0,0.962828125,64.93312875
afrr:2025-01-18:20-24:up,up,1712,1728,16.86,1.0,4.0,4.0,0.8635697265625,58.239142359374995
afrr:2025-01-19:0-4:up,up,1728,1744,16.86,1.0,4.0,4.0,1.0,67.44
afrr:2025-01-19:4-8:up,up,1744,1760,16.86,1.0,4.0,4.0,0.7316000000000001,49.339104000000006
afrr:2025-01-19:8-12:up,up,1760,1776,16.86,1.0,4.0,4.0,1.0,67.44
afrr:2025-01-19:12-16:up,up,1776,1792,16.86,1.0,4.0,4.0,0.9897142857142853,66.7463314285714
afrr:2025-01-19:16-20:up,up,1792,1808,16.86,1.0,4.0,4.0,1.0,67.44
afrr:2025-01-19:20-24:up,up,1808,1824,16.86,1.0,4.0,4.0,0.7228923076923077,48.75185723076923
afrr:2025-01-20:0-4:up,up,1824,1840,16.86,1.0,4.0,4.0,1.0,67.44
afrr:2025-01-20:4-8:up,up,1840,1856,16.86,1.0,4.0,4.0,1.0,67.44
afrr:2025-01-20:8-12:up,up,1856,1872,16.86,1.0,4.0,4.0,1.0,67.44
afrr:2025-01-20:12-16:up,up,1872,1888,16.86,1.0,4.0,4.0,1.0,67.44
afrr:2025-01-20:16-20:up,up,1888,1904,16.86,1.0,4.0,4.0,0.8858186666666665,59.73961087999999
afrr:2025-01-20:20-24:up,up,1904,1920,16.86,1.0,4.0,4.0,0.8717866666666667,58.7932928
afrr:2025-01-21:0-4:up,up,1920,1936,16.86,1.0,4.0,4.0,0.95275,64.25345999999999
afrr:2025-01-21:4-8:up,up,1936,1952,16.86,1.0,4.0,4.0,1.0,67.44
afrr:2025-01-21:8-12:up,up,1952,1968,16.86,1.0,4.0,4.0,0.9663499999999999,65.170644
afrr:2025-01-21:12-16:up,up,1968,1984,16.86,1.0,4.0,4.0,1.0,67.44
afrr:2025-01-21:16-20:up,up,1984,2000,16.86,1.0,4.0,4.0,1.0,67.44
afrr:2025-01-21:20-24:up,up,2000,2016,16.86,1.0,4.0,4.0,0.451102274987206,30.422337425137172
afrr:2025-01-22:0-4:up,up,2016,2032,16.86,1.0,4.0,4.0,0.39520000000000016,26.65228800000001
afrr:2025-01-22:4-8:up,up,2032,2048,16.86,1.0,4.0,4.0,0.9559000000000001,64.465896
afrr:2025-01-22:8-12:up,up,2048,2064,16.86,1.0,4.0,4.0,0.8805125,59.381763
afrr:2025-01-22:12-16:up,up,2064,2080,16.86,1.0,4.0,4.0,0.8180266666666667,55.1677184
afrr:2025-01-22:16-20:up,up,2080,2096,16.86,1.0,4.0,4.0,0.69324,46.75210559999999
afrr:2025-01-22:20-24:up,up,2096,2112,16.86,1.0,4.0,4.0,0.8814075000000001,59.44212180000001
afrr:2025-01-23:0-4:up,up,2112,2128,16.86,1.0,4.0,4.0,1.0,67.44
afrr:2025-01-23:4-8:up,up,2128,2144,16.86,1.0,4.0,4.0,0.8566000000000001,57.769104000000006
afrr:2025-01-23:8-12:up,up,2144,2160,16.86,1.0,4.0,4.0,0.9464625,63.829431
afrr:2025-01-23:12-16:up,up,2160,2176,16.86,1.0,4.0,4.0,0.9417301229153846,63.510279489413534
afrr:2025-01-23:16-20:up,up,2176,2192,16.86,1.0,4.0,4.0,0.9999987378711758,67.43991488203208
afrr:2025-01-23:20-24:up,up,2192,2208,16.86,1.0,4.0,4.0,1.0,67.44
afrr:2025-01-24:0-4:up,up,2208,2224,16.86,1.0,4.0,4.0,0.7420500000000002,50.043852000000015
afrr:2025-01-24:4-8:up,up,2224,2240,16.86,1.0,4.0,4.0,0.7415156250000001,50.007813750000004
afrr:2025-01-24:8-12:up,up,2240,2256,16.86,1.0,4.0,4.0,0.907310546875,61.18902328125
afrr:2025-01-24:12-16:up,up,2256,2272,16.86,1.0,4.0,4.0,0.5544621826171874,37.392929595703116
afrr:2025-01-24:16-20:up,up,2272,2288,16.86,1.0,4.0,4.0,0.9198621826171876,62.03550559570313
afrr:2025-01-24:20-24:up,up,2288,2304,16.86,1.0,4.0,4.0,1.0,67.44
afrr:2025-01-25:0-4:up,up,2304,2320,16.86,1.0,4.0,4.0,1.0,67.44
afrr:2025-01-25:4-8:up,up,2320,2336,16.86,1.0,4.0,4.0,1.0,67.44
afrr:2025-01-25:8-12:up,up,2336,2352,16.86,1.0,4.0,4.0,1.0,67.44
afrr:2025-01-25:12-16:up,up,2352,2368,16.86,1.0,4.0,4.0,0.9390000000000001,63.32616
afrr:2025-01-25:16-20:up,up,2368,2384,16.86,1.0,4.0,4.0,0.9854124999999999,66.45621899999999
afrr:2025-01-25:20-24:up,up,2384,2400,16.86,1.0,4.0,4.0,0.7659203125,51.653665875
afrr:2025-01-26:0-4:up,up,2400,2416,16.86,1.0,4.0,4.0,1.0,67.44
afrr:2025-01-26:4-8:up,up,2416,2432,16.86,1.0,4.0,4.0,0.875,59.01
afrr:2025-01-26:8-12:up,up,2432,2448,16.86,1.0,4.0,4.0,1.0,67.44
afrr:2025-01-26:12-16:up,up,2448,2464,16.86,1.0,4.0,4.0,1.0,67.44
afrr:2025-01-26:16-20:up,up,2464,2480,16.86,1.0,4.0,4.0,0.9221866666666667,62.1922688
afrr:2025-01-26:20-24:up,up,2480,2496,16.86,1.0,4.0,4.0,0.6406433333333333,43.204986399999996
afrr:2025-01-27:0-4:up,up,2496,2512,16.86,1.0,4.0,4.0,0.6559727083333335,44.238799450000016
afrr:2025-01-27:4-8:up,up,2512,2528,16.86,1.0,4.0,4.0,1.0,67.44
afrr:2025-01-27:8-12:up,up,2528,2544,16.86,1.0,4.0,4.0,1.0,67.44
afrr:2025-01-27:12-16:up,up,2544,2560,16.86,1.0,4.0,4.0,1.0,67.44
afrr:2025-01-27:16-20:up,up,2560,2576,16.86,1.0,4.0,4.0,1.0,67.44
afrr:2025-01-27:20-24:up,up,2576,2592,16.86,1.0,4.0,4.0,0.7649827866710596,51.590439133096254
afrr:2025-01-28:0-4:up,up,2592,2608,16.86,1.0,4.0,4.0,1.0,67.44
afrr:2025-01-28:4-8:up,up,2608,2624,16.86,1.0,4.0,4.0,0.7307999999999996,49.28515199999997
afrr:2025-01-28:8-12:up,up,2624,2640,16.86,1.0,4.0,4.0,1.0,67.44
afrr:2025-01-28:12-16:up,up,2640,2656,16.86,1.0,4.0,4.0,1.0,67.44
afrr:2025-01-28:16-20:up,up,2656,2672,16.86,1.0,4.0,4.0,0.9559000000000001,64.465896
afrr:2025-01-28:20-24:up,up,2672,2688,16.86,1.0,4.0,4.0,0.40256249999999993,27.148814999999995
afrr:2025-01-29:0-4:up,up,2688,2704,16.86,1.0,4.0,4.0,0.64830234375,43.721510062499995
afrr:2025-01-29:4-8:up,up,2704,2720,16.86,1.0,4.0,4.0,1.0,67.44
afrr:2025-01-29:8-12:up,up,2720,2736,16.86,1.0,4.0,4.0,0.8125000000000001,54.79500000000001
afrr:2025-01-29:12-16:up,up,2736,2752,16.86,1.0,4.0,4.0,1.0,67.44
afrr:2025-01-29:16-20:up,up,2752,2768,16.86,1.0,4.0,4.0,1.0,67.44
afrr:2025-01-29:20-24:up,up,2768,2784,16.86,1.0,4.0,4.0,0.96935,65.372964
afrr:2025-01-30:0-4:up,up,2784,2800,16.86,1.0,4.0,4.0,0.6701866666666666,45.19738879999999
afrr:2025-01-30:4-8:up,up,2800,2816,16.86,1.0,4.0,4.0,1.0,67.44
afrr:2025-01-30:8-12:up,up,2816,2832,16.86,1.0,4.0,4.0,0.8419333333333331,56.779983999999985
afrr:2025-01-30:12-16:up,up,2832,2848,16.86,1.0,4.0,4.0,1.0,67.44
afrr:2025-01-30:16-20:up,up,2848,2864,16.86,1.0,4.0,4.0,1.0,67.44
afrr:2025-01-30:20-24:up,up,2864,2880,16.86,1.0,4.0,4.0,1.0,67.44
afrr:2025-01-31:0-4:up,up,2880,2896,16.86,1.0,4.0,4.0,0.9022000000000003,60.84436800000002
afrr:2025-01-31:4-8:up,up,2896,2912,16.86,1.0,4.0,4.0,1.0,67.44
afrr:2025-01-31:8-12:up,up,2912,2928,16.86,1.0,4.0,4.0,0.9375,63.224999999999994
afrr:2025-01-31:12-16:up,up,2928,2944,16.86,1.0,4.0,4.0,0.883301270257869,59.56983766619068
afrr:2025-01-31:16-20:up,up,2944,2960,16.86,1.0,4.0,4.0,0.9447936706088833,63.71688514586309
afrr:2025-01-31:20-24:up,up,2960,2976,16.86,1.0,4.0,4.0,1.0,67.44
afrr:2025-02-01:0-4:up,up,2976,2992,16.86,1.0,4.0,4.0,0.9844571428571428,66.39178971428571
afrr:2025-02-01:4-8:up,up,2992,3008,16.86,1.0,4.0,4.0,1.0,67.44
afrr:2025-02-01:8-12:up,up,3008,3024,16.86,1.0,4.0,4.0,0.7757,52.313207999999996
afrr:2025-02-01:12-16:up,up,3024,3040,16.86,1.0,4.0,4.0,0.7147625000000003,48.203583000000016
afrr:2025-02-01:16-20:up,up,3040,3056,16.86,1.0,4.0,4.0,1.0,67.44
afrr:2025-02-01:20-24:up,up,3056,3072,16.86,1.0,4.0,4.0,1.0,67.44
afrr:2025-02-02:0-4:up,up,3072,3088,16.86,1.0,4.0,4.0,0.875,59.01
afrr:2025-02-02:4-8:up,up,3088,3104,16.86,1.0,4.0,4.0,1.0,67.44
afrr:2025-02-02:8-12:up,up,3104,3120,16.86,1.0,4.0,4.0,0.8682656079908172,58.55583260290071
afrr:2025-02-02:12-16:up,up,3120,3136,16.86,1.0,4.0,4.0,0.8170433350048781,55.10140251272898
afrr:2025-02-02:16-20:up,up,3136,3152,16.86,1.0,4.0,4.0,1.0,67.44
afrr:2025-02-02:20-24:up,up,3152,3168,16.86,1.0,4.0,4.0,1.0,67.44
afrr:2025-02-03:0-4:up,up,3168,3184,16.86,1.0,4.0,4.0,0.8486500000000001,57.23295600000001
afrr:2025-02-03:4-8:up,up,3184,3200,16.86,1.0,4.0,4.0,1.0,67.44
afrr:2025-02-03:8-12:up,up,3200,3216,16.86,1.0,4.0,4.0,0.7941,53.554104
afrr:2025-02-03:12-16:up,up,3216,3232,16.86,1.0,4.0,4.0,0.7703625000000001,51.953247000000005
afrr:2025-02-03:16-20:up,up,3232,3248,16.86,1.0,4.0,4.0,0.95416015625,64.3485609375
afrr:2025-02-03:20-24:up,up,3248,3264,16.86,1.0,4.0,4.0,0.8849258542716484,59.67939961207996
afrr:2025-02-04:0-4:up,up,3264,3280,16.86,1.0,4.0,4.0,1.0,67.44
afrr:2025-02-04:4-8:up,up,3280,3296,16.86,1.0,4.0,4.0,1.0,67.44
afrr:2025-02-04:8-12:up,up,3296,3312,16.86,1.0,4.0,4.0,1.0,67.44
afrr:2025-02-04:12-16:up,up,3312,3328,16.86,1.0,4.0,4.0,1.0,67.44
afrr:2025-02-04:16-20:up,up,3328,3344,16.86,1.0,4.0,4.0,0.9538426813985997,64.32715043352157
afrr:2025-02-04:20-24:up,up,3344,3360,16.86,1.0,4.0,4.0,0.8807696648251749,59.39910619580979
afrr:2025-02-05:0-4:up,up,3360,3376,16.86,1.0,4.0,4.0,1.0,67.44
afrr:2025-02-05:4-8:up,up,3376,3392,16.86,1.0,4.0,4.0,1.0,67.44
afrr:2025-02-05:8-12:up,up,3392,3408,16.86,1.0,4.0,4.0,0.9695,65.38308
afrr:2025-02-05:12-16:up,up,3408,3424,16.86,1.0,4.0,4.0,1.0,67.44
afrr:2025-02-05:16-20:up,up,3424,3440,16.86,1.0,4.0,4.0,1.0,67.44
afrr:2025-02-05:20-24:up,up,3440,3456,16.86,1.0,4.0,4.0,0.825803011132673,55.692155070787464
afrr:2025-02-06:0-4:up,up,3456,3472,16.86,1.0,4.0,4.0,0.8020522583495049,54.09040430309061
afrr:2025-02-06:4-8:up,up,3472,3488,16.86,1.0,4.0,4.0,0.8213866666666666,55.39431679999999
afrr:2025-02-06:8-12:up,up,3488,3504,16.86,1.0,4.0,4.0,0.9556587777777779,64.44962797333334
afrr:2025-02-06:12-16:up,up,3504,3520,16.86,1.0,4.0,4.0,0.7770779583333334,52.40613751
afrr:2025-02-06:16-20:up,up,3520,3536,16.86,1.0,4.0,4.0,0.8542978828125,57.613849216874996
afrr:2025-02-06:20-24:up,up,3536,3552,16.86,1.0,4.0,4.0,0.9550095238095234,64.40584228571426
afrr:2025-02-07:0-4:up,up,3552,3568,16.86,1.0,4.0,4.0,0.9679333333333335,65.27742400000001
afrr:2025-02-07:4-8:up,up,3568,3584,16.86,1.0,4.0,4.0,1.0,67.44
afrr:2025-02-07:8-12:up,up,3584,3600,16.86,1.0,4.0,4.0,1.0,67.44
afrr:2025-02-07:12-16:up,up,3600,3616,16.86,1.0,4.0,4.0,0.9994031755091166,67.39975015633482
afrr:2025-02-07:16-20:up,up,3616,3632,16.86,1.0,4.0,4.0,1.0,67.44
afrr:2025-02-07:20-24:up,up,3632,3648,16.86,1.0,4.0,4.0,0.7139858146326378,48.15120333882509
afrr:2025-02-08:0-4:up,up,3648,3664,16.86,1.0,4.0,4.0,0.8594152475599385,57.95896429544225
afrr:2025-02-08:4-8:up,up,3664,3680,16.86,1.0,4.0,4.0,1.0,67.44
afrr:2025-02-08:8-12:up,up,3680,3696,16.86,1.0,4.0,4.0,0.98475,66.41154
afrr:2025-02-08:12-16:up,up,3696,3712,16.86,1.0,4.0,4.0,0.84099997486135,56.71703830464944
afrr:2025-02-08:16-20:up,up,3712,3728,16.86,1.0,4.0,4.0,1.0,67.44
afrr:2025-02-08:20-24:up,up,3728,3744,16.86,1.0,4.0,4.0,0.5294436531424347,35.705679967925796
afrr:2025-02-09:0-4:up,up,3744,3760,16.86,1.0,4.0,4.0,0.95275,64.25345999999999
afrr:2025-02-09:4-8:up,up,3760,3776,16.86,1.0,4.0,4.0,0.9118000000000002,61.49179200000001
afrr:2025-02-09:8-12:up,up,3776,3792,16.86,1.0,4.0,4.0,0.9430124999999999,63.596762999999996
afrr:2025-02-09:12-16:up,up,3792,3808,16.86,1.0,4.0,4.0,0.9973468750000001,67.26107325000001
afrr:2025-02-09:16-20:up,up,3808,3824,16.86,1.0,4.0,4.0,1.0,67.44
afrr:2025-02-09:20-24:up,up,3824,3840,16.86,1.0,4.0,4.0,0.7636011923068199,51.49726440917193
afrr:2025-02-10:0-4:up,up,3840,3856,16.86,1.0,4.0,4.0,0.7108258197109387,47.938093281305704
afrr:2025-02-10:4-8:up,up,3856,3872,16.86,1.0,4.0,4.0,1.0,67.44
afrr:2025-02-10:8-12:up,up,3872,3888,16.86,1.0,4.0,4.0,0.875,59.01
afrr:2025-02-10:12-16:up,up,3888,3904,16.86,1.0,4.0,4.0,1.0,67.44
afrr:2025-02-10:16-20:up,up,3904,3920,16.86,1.0,4.0,4.0,0.4861617777777778,32.786750293333334
afrr:2025-02-10:20-24:up,up,3920,3936,16.86,1.0,4.0,4.0,0.9188266666666666,61.96567039999999
afrr:2025-02-11:0-4:up,up,3936,3952,16.86,1.0,4.0,4.0,0.9898233333333334,66.7536856
afrr:2025-02-11:4-8:up,up,3952,3968,16.86,1.0,4.0,4.0,1.0,67.44
afrr:2025-02-11:8-12:up,up,3968,3984,16.86,1.0,4.0,4.0,1.0,67.44
afrr:2025-02-11:12-16:up,up,3984,4000,16.86,1.0,4.0,4.0,1.0,67.44
afrr:2025-02-11:16-20:up,up,4000,4016,16.86,1.0,4.0,4.0,0.7165,48.32076
afrr:2025-02-11:20-24:up,up,4016,4032,16.86,1.0,4.0,4.0,0.8208750000000001,55.35981000000001
afrr:2025-02-12:0-4:up,up,4032,4048,16.86,1.0,4.0,4.0,1.0,67.44
afrr:2025-02-12:4-8:up,up,4048,4064,16.86,1.0,4.0,4.0,1.0,67.44
afrr:2025-02-12:8-12:up,up,4064,4080,16.86,1.0,4.0,4.0,0.9237500000000001,62.297700000000006
afrr:2025-02-12:12-16:up,up,4080,4096,16.86,1.0,4.0,4.0,1.0,67.44
afrr:2025-02-12:16-20:up,up,4096,4112,16.86,1.0,4.0,4.0,0.9226833333333334,62.225764000000005
afrr:2025-02-12:20-24:up,up,4112,4128,16.86,1.0,4.0,4.0,0.6544593749999998,44.13674024999999
afrr:2025-02-13:4-8:up,up,4144,4160,16.86,1.0,4.0,4.0,0.86455,58.305252
afrr:2025-02-13:8-12:up,up,4160,4176,16.86,1.0,4.0,4.0,1.0,67.44
afrr:2025-02-13:12-16:up,up,4176,4192,16.86,1.0,4.0,4.0,0.9385137074815286,63.29336443255429
afrr:2025-02-13:16-20:up,up,4192,4208,16.86,1.0,4.0,4.0,0.4546997470231688,30.6649509392425
afrr:2025-02-13:20-24:up,up,4208,4224,16.86,1.0,4.0,4.0,0.7191622786452728,48.5003040718372
afrr:2025-02-14:0-4:up,up,4224,4240,16.86,1.0,4.0,4.0,0.9086500000000001,61.279356
afrr:2025-02-14:4-8:up,up,4240,4256,16.86,1.0,4.0,4.0,0.9559000000000001,64.465896
afrr:2025-02-14:8-12:up,up,4256,4272,16.86,1.0,4.0,4.0,0.9995509517849643,67.409716188378
afrr:2025-02-14:12-16:up,up,4272,4288,16.86,1.0,4.0,4.0,1.0,67.44
afrr:2025-02-14:16-20:up,up,4288,4304,16.86,1.0,4.0,4.0,0.7288571428571428,49.154125714285705
afrr:2025-02-14:20-24:up,up,4304,4320,16.86,1.0,4.0,4.0,1.0,67.44
afrr:2025-02-15:0-4:up,up,4320,4336,16.86,1.0,4.0,4.0,1.0,67.44
afrr:2025-02-15:4-8:up,up,4336,4352,16.86,1.0,4.0,4.0,1.0,67.44
afrr:2025-02-15:8-12:up,up,4352,4368,16.86,1.0,4.0,4.0,1.0,67.44
afrr:2025-02-15:12-16:up,up,4368,4384,16.86,1.0,4.0,4.0,1.0,67.44
afrr:2025-02-15:16-20:up,up,4384,4400,16.86,1.0,4.0,4.0,1.0,67.44
afrr:2025-02-15:20-24:up,up,4400,4416,16.86,1.0,4.0,4.0,0.6735466666666666,45.4239872
afrr:2025-02-16:0-4:up,up,4416,4432,16.86,1.0,4.0,4.0,1.0,67.44
afrr:2025-02-16:4-8:up,up,4432,4448,16.86,1.0,4.0,4.0,0.5625000000000002,37.93500000000002
afrr:2025-02-16:8-12:up,up,4448,4464,16.86,1.0,4.0,4.0,0.3967875000000002,26.75934900000001
afrr:2025-02-16:12-16:up,up,4464,4480,16.86,1.0,4.0,4.0,0.5747500000000001,38.761140000000005
afrr:2025-02-16:16-20:up,up,4480,4496,16.86,1.0,4.0,4.0,1.0,67.44
afrr:2025-02-16:20-24:up,up,4496,4512,16.86,1.0,4.0,4.0,0.811,54.69384
afrr:2025-02-17:0-4:up,up,4512,4528,16.86,1.0,4.0,4.0,1.0,67.44
afrr:2025-02-17:4-8:up,up,4528,4544,16.86,1.0,4.0,4.0,1.0,67.44
afrr:2025-02-17:8-12:up,up,4544,4560,16.86,1.0,4.0,4.0,0.6250000000000001,42.150000000000006
afrr:2025-02-17:12-16:up,up,4560,4576,16.86,1.0,4.0,4.0,0.5761066666666665,38.85263359999999
afrr:2025-02-17:16-20:up,up,4576,4592,16.86,1.0,4.0,4.0,0.95275,64.25345999999999
afrr:2025-02-17:20-24:up,up,4592,4608,16.86,1.0,4.0,4.0,0.6032084787444801,40.68037980652774
afrr:2025-02-18:4-8:up,up,4624,4640,16.86,1.0,4.0,4.0,1.0,67.44
afrr:2025-02-18:8-12:up,up,4640,4656,16.86,1.0,4.0,4.0,0.8290010228371901,55.9078289801401
afrr:2025-02-18:12-16:up,up,4656,4672,16.86,1.0,4.0,4.0,0.7425801040339794,50.07960221605157
afrr:2025-02-18:16-20:up,up,4672,4688,16.86,1.0,4.0,4.0,0.9557459162331917,64.45550459076645
afrr:2025-02-18:20-24:up,up,4688,4704,16.86,1.0,4.0,4.0,0.6735466666666667,45.423987200000006
afrr:2025-02-19:0-4:up,up,4704,4720,16.86,1.0,4.0,4.0,1.0,67.44
afrr:2025-02-19:4-8:up,up,4720,4736,16.86,1.0,4.0,4.0,0.98475,66.41154
afrr:2025-02-19:8-12:up,up,4736,4752,16.86,1.0,4.0,4.0,0.8722219125547463,58.82264578269209
afrr:2025-02-19:12-16:up,up,4752,4768,16.86,1.0,4.0,4.0,0.7676266666666667,51.7687424
afrr:2025-02-19:16-20:up,up,4768,4784,16.86,1.0,4.0,4.0,0.9536815555555557,64.31628410666667
afrr:2025-02-19:20-24:up,up,4784,4800,16.86,1.0,4.0,4.0,0.944279611111111,63.682216973333325
afrr:2025-02-20:0-4:up,up,4800,4816,16.86,1.0,4.0,4.0,0.9880571428571429,66.63457371428571
afrr:2025-02-20:4-8:up,up,4816,4832,16.86,1.0,4.0,4.0,1.0,67.44
afrr:2025-02-20:8-12:up,up,4832,4848,16.86,1.0,4.0,4.0,0.9810009728297585,66.15870560763891
afrr:2025-02-20:12-16:up,up,4848,4864,16.86,1.0,4.0,4.0,0.9055,61.066919999999996
afrr:2025-02-20:16-20:up,up,4864,4880,16.86,1.0,4.0,4.0,1.0,67.44
afrr:2025-02-20:20-24:up,up,4880,4896,16.86,1.0,4.0,4.0,0.729172104308094,49.17536671453786
afrr:2025-02-21:0-4:up,up,4896,4912,16.86,1.0,4.0,4.0,0.9626790782310707,64.9230770359034
afrr:2025-02-21:4-8:up,up,4912,4928,16.86,1.0,4.0,4.0,0.7732,52.144608
afrr:2025-02-21:8-12:up,up,4928,4944,16.86,1.0,4.0,4.0,0.9288223851785381,62.639781656440604
afrr:2025-02-21:12-16:up,up,4944,4960,16.86,1.0,4.0,4.0,0.9157082441094256,61.75536398273967
afrr:2025-02-21:16-20:up,up,4960,4976,16.86,1.0,4.0,4.0,0.8855364694863217,59.720579502157534
afrr:2025-02-21:20-24:up,up,4976,4992,16.86,1.0,4.0,4.0,0.9350523521147414,63.059930626618154
afrr:2025-02-22:0-4:up,up,4992,5008,16.86,1.0,4.0,4.0,1.0,67.44
afrr:2025-02-22:4-8:up,up,5008,5024,16.86,1.0,4.0,4.0,1.0,67.44
afrr:2025-02-22:8-12:up,up,5024,5040,16.86,1.0,4.0,4.0,0.95275,64.25345999999999
afrr:2025-02-22:12-16:up,up,5040,5056,16.86,1.0,4.0,4.0,1.0,67.44
afrr:2025-02-22:16-20:up,up,5056,5072,16.86,1.0,4.0,4.0,0.86455,58.305252
afrr:2025-02-22:20-24:up,up,5072,5088,16.86,1.0,4.0,4.0,0.945965625,63.79592175
afrr:2025-02-23:0-4:up,up,5088,5104,16.86,1.0,4.0,4.0,0.8567970703125001,57.782394421875004
afrr:2025-02-23:4-8:up,up,5104,5120,16.86,1.0,4.0,4.0,1.0,67.44
afrr:2025-02-23:8-12:up,up,5120,5136,16.86,1.0,4.0,4.0,0.3125000000000003,21.075000000000017
afrr:2025-02-23:12-16:up,up,5136,5152,16.86,1.0,4.0,4.0,0.5693866666666667,38.399436800000004
afrr:2025-02-23:16-20:up,up,5152,5168,16.86,1.0,4.0,4.0,1.0,67.44
afrr:2025-02-23:20-24:up,up,5168,5184,16.86,1.0,4.0,4.0,0.4267003231568213,28.77666979369603
afrr:2025-02-24:0-4:up,up,5184,5200,16.86,1.0,4.0,4.0,0.6062503231568214,40.88552179369603
afrr:2025-02-24:4-8:up,up,5200,5216,16.86,1.0,4.0,4.0,1.0,67.44
afrr:2025-02-24:8-12:up,up,5216,5232,16.86,1.0,4.0,4.0,0.9375028563272597,63.225192630710396
afrr:2025-02-24:12-16:up,up,5232,5248,16.86,1.0,4.0,4.0,1.0,67.44
afrr:2025-02-24:16-20:up,up,5248,5264,16.86,1.0,4.0,4.0,0.8582500000000001,57.88038
afrr:2025-02-24:20-24:up,up,5264,5280,16.86,1.0,4.0,4.0,0.8136062499999999,54.86960549999999
afrr:2025-02-25:0-4:up,up,5280,5296,16.86,1.0,4.0,4.0,1.0,67.44
afrr:2025-02-25:4-8:up,up,5296,5312,16.86,1.0,4.0,4.0,0.98475,66.41154
afrr:2025-02-25:8-12:up,up,5312,5328,16.86,1.0,4.0,4.0,0.736365625,49.66049775
afrr:2025-02-25:12-16:up,up,5328,5344,16.86,1.0,4.0,4.0,1.0,67.44
afrr:2025-02-25:16-20:up,up,5344,5360,16.86,1.0,4.0,4.0,1.0,67.44
afrr:2025-02-25:20-24:up,up,5360,5376,16.86,1.0,4.0,4.0,0.6693728298974062,45.14250364828107
afrr:2025-02-26:0-4:up,up,5376,5392,16.86,1.0,4.0,4.0,0.9559000000000001,64.465896
afrr:2025-02-26:4-8:up,up,5392,5408,16.86,1.0,4.0,4.0,1.0,67.44
afrr:2025-02-26:8-12:up,up,5408,5424,16.86,1.0,4.0,4.0,0.875,59.01
afrr:2025-02-26:12-16:up,up,5424,5440,16.86,1.0,4.0,4.0,0.7228,48.745632
afrr:2025-02-26:16-20:up,up,5440,5456,16.86,1.0,4.0,4.0,1.0,67.44
afrr:2025-02-26:20-24:up,up,5456,5472,16.86,1.0,4.0,4.0,0.8582500000000001,57.88038
afrr:2025-02-27:0-4:up,up,5472,5488,16.86,1.0,4.0,4.0,0.6149749999999997,41.47391399999998
afrr:2025-02-27:4-8:up,up,5488,5504,16.86,1.0,4.0,4.0,1.0,67.44
afrr:2025-02-27:8-12:up,up,5504,5520,16.86,1.0,4.0,4.0,1.0,67.44
afrr:2025-02-27:12-16:up,up,5520,5536,16.86,1.0,4.0,4.0,1.0,67.44
afrr:2025-02-27:16-20:up,up,5536,5552,16.86,1.0,4.0,4.0,1.0,67.44
afrr:2025-02-27:20-24:up,up,5552,5568,16.86,1.0,4.0,4.0,1.0,67.44
afrr:2025-02-28:0-4:up,up,5568,5584,16.86,1.0,4.0,4.0,0.9375,63.224999999999994
afrr:2025-02-28:4-8:up,up,5584,5600,16.86,1.0,4.0,4.0,1.0,67.44
afrr:2025-02-28:8-12:up,up,5600,5616,16.86,1.0,4.0,4.0,0.9479500000000002,63.92974800000001
afrr:2025-02-28:12-16:up,up,5616,5632,16.86,1.0,4.0,4.0,1.0,67.44
afrr:2025-02-28:16-20:up,up,5632,5648,16.86,1.0,4.0,4.0,1.0,67.44
afrr:2025-02-28:20-24:up,up,5648,5664,16.86,1.0,4.0,4.0,1.0,67.44
afrr:2025-03-01:0-4:up,up,5664,5680,16.86,1.0,4.0,4.0,1.0,67.44
afrr:2025-03-01:4-8:up,up,5680,5696,16.86,1.0,4.0,4.0,1.0,67.44
afrr:2025-03-01:16-20:up,up,5728,5744,16.86,1.0,4.0,4.0,1.0,67.44
afrr:2025-03-01:20-24:up,up,5744,5760,16.86,1.0,4.0,4.0,0.71965,48.533196
afrr:2025-03-02:0-4:up,up,5760,5776,16.86,1.0,4.0,4.0,0.7751093749999998,52.273376249999984
afrr:2025-03-02:8-12:up,up,5792,5808,16.86,1.0,4.0,4.0,0.09688867187499967,6.534172031249978
afrr:2025-03-02:12-16:up,up,5808,5824,16.86,1.0,4.0,4.0,0.3889000000000002,26.227416000000012
afrr:2025-03-02:16-20:up,up,5824,5840,16.86,1.0,4.0,4.0,0.9756937499999999,65.80078649999999
afrr:2025-03-02:20-24:up,up,5840,5856,16.86,1.0,4.0,4.0,1.0,67.44
afrr:2025-03-03:0-4:up,up,5856,5872,16.86,1.0,4.0,4.0,0.8684266666666667,58.566694399999996
afrr:2025-03-03:4-8:up,up,5872,5888,16.86,1.0,4.0,4.0,1.0,67.44
afrr:2025-03-03:8-12:up,up,5888,5904,16.86,1.0,4.0,4.0,0.06376115065473895,4.300052000155595
afrr:2025-03-03:16-20:up,up,5920,5936,16.86,1.0,4.0,4.0,0.9086500000000001,61.279356
afrr:2025-03-03:20-24:up,up,5936,5952,16.86,1.0,4.0,4.0,0.9555375,64.441449
afrr:2025-03-04:0-4:up,up,5952,5968,16.86,1.0,4.0,4.0,1.0,67.44
afrr:2025-03-04:4-8:up,up,5968,5984,16.86,1.0,4.0,4.0,1.0,67.44
afrr:2025-03-04:8-12:up,up,5984,6000,16.86,1.0,4.0,4.0,0.7081777777777778,47.759509333333334
afrr:2025-03-04:16-20:up,up,6016,6032,16.86,1.0,4.0,4.0,1.0,67.44
afrr:2025-03-04:20-24:up,up,6032,6048,16.86,1.0,4.0,4.0,0.6590081275898719,44.44350812466096
afrr:2025-03-05:0-4:up,up,6048,6064,16.86,1.0,4.0,4.0,1.0,67.44
afrr:2025-03-05:4-8:up,up,6064,6080,16.86,1.0,4.0,4.0,0.9692266666666667,65.3646464
afrr:2025-03-05:8-12:up,up,6080,6096,16.86,1.0,4.0,4.0,0.7996261008244476,53.92678423960075
afrr:2025-03-05:12-16:up,up,6096,6112,16.86,1.0,4.0,4.0,1.0,67.44
afrr:2025-03-05:16-20:up,up,6112,6128,16.86,1.0,4.0,4.0,1.0,67.44
afrr:2025-03-05:20-24:up,up,6128,6144,16.86,1.0,4.0,4.0,1.0,67.44
afrr:2025-03-06:8-12:up,up,6176,6192,16.86,1.0,4.0,4.0,0.2268,15.295392
afrr:2025-03-06:16-20:up,up,6208,6224,16.86,1.0,4.0,4.0,1.0,67.44
afrr:2025-03-06:20-24:up,up,6224,6240,16.86,1.0,4.0,4.0,0.30463519294687147,20.544597412337012
afrr:2025-03-07:0-4:up,up,6240,6256,16.86,1.0,4.0,4.0,0.17737789691425632,11.962365367897446
afrr:2025-03-07:12-16:up,up,6288,6304,16.86,1.0,4.0,4.0,1.0,67.44
afrr:2025-03-07:16-20:up,up,6304,6320,16.86,1.0,4.0,4.0,1.0,67.44
afrr:2025-03-08:0-4:up,up,6336,6352,16.86,1.0,4.0,4.0,0.7743488579866522,52.22208698261982
afrr:2025-03-08:4-8:up,up,6352,6368,16.86,1.0,4.0,4.0,0.7248052507383207,48.88086610979234
afrr:2025-03-08:12-16:up,up,6384,6400,16.86,1.0,4.0,4.0,0.41235164085572495,27.80899465931009
afrr:2025-03-08:16-20:up,up,6400,6416,16.86,1.0,4.0,4.0,1.0,67.44
afrr:2025-03-08:20-24:up,up,6416,6432,16.86,1.0,4.0,4.0,0.7794237560360395,52.564338107070505
afrr:2025-03-09:0-4:up,up,6432,6448,16.86,1.0,4.0,4.0,0.9621237560360394,64.8856261070705
afrr:2025-03-09:12-16:up,up,6480,6496,16.86,1.0,4.0,4.0,1.0,67.44
afrr:2025-03-09:16-20:up,up,6496,6512,16.86,1.0,4.0,4.0,1.0,67.44
afrr:2025-03-10:4-8:up,up,6544,6560,16.86,1.0,4.0,4.0,1.0,67.44
afrr:2025-03-10:16-20:up,up,6592,6608,16.86,1.0,4.0,4.0,1.0,67.44
afrr:2025-03-10:20-24:up,up,6608,6624,16.86,1.0,4.0,4.0,0.9201349280844231,62.05389955001349
afrr:2025-03-11:0-4:up,up,6624,6640,16.86,1.0,4.0,4.0,1.0,67.44
afrr:2025-03-11:4-8:up,up,6640,6656,16.86,1.0,4.0,4.0,1.0,67.44
afrr:2025-03-11:16-20:up,up,6688,6704,16.86,1.0,4.0,4.0,1.0,67.44
afrr:2025-03-12:16-20:up,up,6784,6800,16.86,1.0,4.0,4.0,1.0,67.44
afrr:2025-03-15:0-4:up,up,7008,7024,16.86,1.0,4.0,4.0,0.272210864507192,18.35790070236503
afrr:2025-03-15:16-20:up,up,7072,7088,16.86,1.0,4.0,4.0,0.994808148380394,67.08986152677377
afrr:2025-03-18:0-4:up,up,7296,7312,16.86,1.0,4.0,4.0,1.0,67.44
afrr:2025-03-18:4-8:up,up,7312,7328,16.86,1.0,4.0,4.0,0.7500000000000001,50.580000000000005
afrr:2025-03-18:16-20:up,up,7360,7376,16.86,1.0,4.0,4.0,1.0,67.44
afrr:2025-03-18:20-24:up,up,7376,7392,16.86,1.0,4.0,4.0,0.614952043695046,41.4723658267939
afrr:2025-03-19:0-4:up,up,7392,7408,16.86,1.0,4.0,4.0,1.0,67.44
afrr:2025-03-19:4-8:up,up,7408,7424,16.86,1.0,4.0,4.0,0.875,59.01
afrr:2025-03-20:0-4:up,up,7488,7504,16.86,1.0,4.0,4.0,1.0,67.44
afrr:2025-03-21:16-20:up,up,7648,7664,16.86,1.0,4.0,4.0,1.0,67.44
afrr:2025-03-22:12-16:up,up,7728,7744,16.86,1.0,4.0,4.0,1.0,67.44
afrr:2025-03-22:16-20:up,up,7744,7760,16.86,1.0,4.0,4.0,1.0,67.44
afrr:2025-03-22:20-24:up,up,7760,7776,16.86,1.0,4.0,4.0,0.4328557821639425,29.19179394913628
afrr:2025-03-23:12-16:up,up,7824,7840,16.86,1.0,4.0,4.0,1.0,67.44
afrr:2025-03-23:16-20:up,up,7840,7856,16.86,1.0,4.0,4.0,1.0,67.44
afrr:2025-03-23:20-24:up,up,7856,7872,16.86,1.0,4.0,4.0,0.5645281234744215,38.07177664711499
afrr:2025-03-24:16-20:up,up,7936,7952,16.86,1.0,4.0,4.0,1.0,67.44
afrr:2025-03-25:16-20:up,up,8032,8048,16.86,1.0,4.0,4.0,0.9976971733145276,67.28469736833173
afrr:2025-04-01:12-16:up,up,8684,8700,16.86,1.0,4.0,4.0,1.0,67.44
afrr:2025-04-02:0-4:up,up,8732,8748,16.86,1.0,4.0,4.0,1.0,67.44
afrr:2025-04-02:4-8:up,up,8748,8764,16.86,1.0,4.0,4.0,1.0,67.44
afrr:2025-04-02:8-12:up,up,8764,8780,16.86,1.0,4.0,4.0,0.8134168499750167,54.856832362315124
afrr:2025-04-02:12-16:up,up,8780,8796,16.86,1.0,4.0,4.0,1.0,67.44
afrr:2025-04-02:16-20:up,up,8796,8812,16.86,1.0,4.0,4.0,1.0,67.44
afrr:2025-04-02:20-24:up,up,8812,8828,16.86,1.0,4.0,4.0,0.7551740251723004,50.92893625761994
afrr:2025-04-03:0-4:up,up,8828,8844,16.86,1.0,4.0,4.0,0.9528016234267311,64.25694148389874
afrr:2025-04-03:4-8:up,up,8844,8860,16.86,1.0,4.0,4.0,1.0,67.44
afrr:2025-04-03:8-12:up,up,8860,8876,16.86,1.0,4.0,4.0,0.687814852006933,46.386233619347564
afrr:2025-04-03:12-16:up,up,8876,8892,16.86,1.0,4.0,4.0,0.6242574260034668,42.0999208096738
afrr:2025-04-03:16-20:up,up,8892,8908,16.86,1.0,4.0,4.0,1.0,67.44
afrr:2025-04-03:20-24:up,up,8908,8924,16.86,1.0,4.0,4.0,0.8178539950188954,55.15607342407431
afrr:2025-04-04:0-4:up,up,8924,8940,16.86,1.0,4.0,4.0,0.8797087468868096,59.327557890046435
afrr:2025-04-04:4-8:up,up,8940,8956,16.86,1.0,4.0,4.0,1.0,67.44
afrr:2025-04-04:8-12:up,up,8956,8972,16.86,1.0,4.0,4.0,0.9187049164075787,61.957459562527106
afrr:2025-04-04:12-16:up,up,8972,8988,16.86,1.0,4.0,4.0,0.43764130909842824,29.514529885597998
afrr:2025-04-05:0-4:up,up,9020,9036,16.86,1.0,4.0,4.0,1.0,67.44
afrr:2025-04-05:4-8:up,up,9036,9052,16.86,1.0,4.0,4.0,0.7500000000000001,50.580000000000005
afrr:2025-04-05:8-12:up,up,9052,9068,16.86,1.0,4.0,4.0,0.7500000000000001,50.580000000000005
afrr:2025-04-05:12-16:up,up,9068,9084,16.86,1.0,4.0,4.0,1.0,67.44
afrr:2025-04-06:0-4:up,up,9116,9132,16.86,1.0,4.0,4.0,1.0,67.44
afrr:2025-04-06:4-8:up,up,9132,9148,16.86,1.0,4.0,4.0,1.0,67.44
afrr:2025-04-06:8-12:up,up,9148,9164,16.86,1.0,4.0,4.0,1.0,67.44
afrr:2025-04-06:12-16:up,up,9164,9180,16.86,1.0,4.0,4.0,1.0,67.44
afrr:2025-04-07:0-4:up,up,9212,9228,16.86,1.0,4.0,4.0,1.0,67.44
afrr:2025-04-07:4-8:up,up,9228,9244,16.86,1.0,4.0,4.0,1.0,67.44
afrr:2025-04-07:12-16:up,up,9260,9276,16.86,1.0,4.0,4.0,0.5892918363944172,39.741841446439494
afrr:2025-04-08:0-4:up,up,9308,9324,16.86,1.0,4.0,4.0,1.0,67.44
afrr:2025-04-08:4-8:up,up,9324,9340,16.86,1.0,4.0,4.0,0.1875000000000003,12.645000000000021
afrr:2025-04-09:0-4:up,up,9404,9420,16.86,1.0,4.0,4.0,1.0,67.44
afrr:2025-04-09:4-8:up,up,9420,9436,16.86,1.0,4.0,4.0,0.2500000000000003,16.860000000000017
afrr:2025-04-15:16-20:up,up,10044,10060,16.86,1.0,4.0,4.0,1.0,67.44
afrr:2025-04-15:20-24:up,up,10060,10076,16.86,1.0,4.0,4.0,1.0,67.44
afrr:2025-04-16:16-20:up,up,10140,10156,16.86,1.0,4.0,4.0,1.0,67.44
afrr:2025-04-17:16-20:up,up,10236,10252,16.86,1.0,4.0,4.0,0.9838050387075336,66.34781181043606
afrr:2025-04-23:20-24:up,up,10828,10844,16.86,1.0,4.0,4.0,1.0,67.44
afrr:2025-04-24:8-12:up,up,10876,10892,16.86,1.0,4.0,4.0,1.0,67.44
afrr:2025-04-24:20-24:up,up,10924,10940,16.86,1.0,4.0,4.0,1.0,67.44
afrr:2025-04-25:8-12:up,up,10972,10988,16.86,1.0,4.0,4.0,0.9575370724844803,64.57630016835334
afrr:2025-04-27:16-20:up,up,11196,11212,16.86,1.0,4.0,4.0,1.0,67.44
afrr:2025-04-30:0-4:up,up,11420,11436,16.86,1.0,4.0,4.0,1.0,67.44
afrr:2025-04-30:4-8:up,up,11436,11452,16.86,1.0,4.0,4.0,0.9511000000000002,64.14218400000001
afrr:2025-04-30:16-20:up,up,11484,11500,16.86,1.0,4.0,4.0,1.0,67.44
afrr:2025-04-30:20-24:up,up,11500,11516,16.86,1.0,4.0,4.0,0.9132175857538852,61.587393983242016
afrr:2025-05-02:0-4:up,up,11612,11628,16.86,1.0,4.0,4.0,1.0,67.44
afrr:2025-05-02:4-8:up,up,11628,11644,16.86,1.0,4.0,4.0,0.8125000000000001,54.79500000000001
afrr:2025-05-02:16-20:up,up,11676,11692,16.86,1.0,4.0,4.0,1.0,67.44
afrr:2025-05-02:20-24:up,up,11692,11708,16.86,1.0,4.0,4.0,0.9389223936132064,63.32092622527464
afrr:2025-05-03:4-8:up,up,11724,11740,16.86,1.0,4.0,4.0,0.33751324800412724,22.76189344539834
afrr:2025-05-03:16-20:up,up,11772,11788,16.86,1.0,4.0,4.0,1.0,67.44
afrr:2025-05-03:20-24:up,up,11788,11804,16.86,1.0,4.0,4.0,0.8800884481406486,59.35316494260534
afrr:2025-05-04:4-8:up,up,11820,11836,16.86,1.0,4.0,4.0,1.0,67.44
afrr:2025-05-04:8-12:up,up,11836,11852,16.86,1.0,4.0,4.0,1.0,67.44
afrr:2025-05-04:12-16:up,up,11852,11868,16.86,1.0,4.0,4.0,1.0,67.44
afrr:2025-05-04:16-20:up,up,11868,11884,16.86,1.0,4.0,4.0,1.0,67.44
afrr:2025-05-04:20-24:up,up,11884,11900,16.86,1.0,4.0,4.0,0.880016773348698,59.34833119463619
afrr:2025-05-05:4-8:up,up,11916,11932,16.86,1.0,4.0,4.0,1.0,67.44
afrr:2025-05-05:8-12:up,up,11932,11948,16.86,1.0,4.0,4.0,0.8385698138875708,56.55314824857777
afrr:2025-05-05:12-16:up,up,11948,11964,16.86,1.0,4.0,4.0,0.9347752597182827,63.04124351540098
afrr:2025-05-05:16-20:up,up,11964,11980,16.86,1.0,4.0,4.0,1.0,67.44
afrr:2025-05-05:20-24:up,up,11980,11996,16.86,1.0,4.0,4.0,0.7592839842267196,51.20611189624997
afrr:2025-05-06:12-16:up,up,12044,12060,16.86,1.0,4.0,4.0,1.0,67.44
afrr:2025-05-06:16-20:up,up,12060,12076,16.86,1.0,4.0,4.0,1.0,67.44
afrr:2025-05-06:20-24:up,up,12076,12092,16.86,1.0,4.0,4.0,0.95275,64.25345999999999
afrr:2025-05-07:4-8:up,up,12108,12124,16.86,1.0,4.0,4.0,0.7228923076923077,48.75185723076923
afrr:2025-05-07:16-20:up,up,12156,12172,16.86,1.0,4.0,4.0,1.0,67.44
afrr:2025-05-07:20-24:up,up,12172,12188,16.86,1.0,4.0,4.0,0.8174386567735766,55.12806301281
afrr:2025-05-08:4-8:up,up,12204,12220,16.86,1.0,4.0,4.0,0.8220592444351371,55.43967544470564
afrr:2025-05-08:16-20:up,up,12252,12268,16.86,1.0,4.0,4.0,1.0,67.44
afrr:2025-05-08:20-24:up,up,12268,12284,16.86,1.0,4.0,4.0,0.9394859488226052,63.35893238859649
afrr:2025-05-09:12-16:up,up,12332,12348,16.86,1.0,4.0,4.0,0.3946357436028254,26.614234548574544
afrr:2025-05-09:16-20:up,up,12348,12364,16.86,1.0,4.0,4.0,1.0,67.44
afrr:2025-05-09:20-24:up,up,12364,12380,16.86,1.0,4.0,4.0,0.9713554011093878,65.5082082508171
afrr:2025-05-10:20-24:up,up,12460,12476,16.86,1.0,4.0,4.0,1.0,67.44
afrr:2025-05-11:0-4:up,up,12476,12492,16.86,1.0,4.0,4.0,0.4361500000000001,29.413956000000006
afrr:2025-05-11:4-8:up,up,12492,12508,16.86,1.0,4.0,4.0,0.972740625,65.60162775
afrr:2025-05-11:8-12:up,up,12508,12524,16.86,1.0,4.0,4.0,0.36592627086130874,24.67806770688666
afrr:2025-05-11:12-16:up,up,12524,12540,16.86,1.0,4.0,4.0,1.0,67.44
afrr:2025-05-11:16-20:up,up,12540,12556,16.86,1.0,4.0,4.0,1.0,67.44
afrr:2025-05-11:20-24:up,up,12556,12572,16.86,1.0,4.0,4.0,0.5563262070271999,37.51863940191436
afrr:2025-05-12:16-20:up,up,12636,12652,16.86,1.0,4.0,4.0,1.0,67.44
afrr:2025-05-12:20-24:up,up,12652,12668,16.86,1.0,4.0,4.0,0.98475,66.41154
afrr:2025-05-13:0-4:up,up,12668,12684,16.86,1.0,4.0,4.0,0.8582500000000001,57.88038
afrr:2025-05-13:4-8:up,up,12684,12700,16.86,1.0,4.0,4.0,0.40995312499999964,27.647238749999975
afrr:2025-05-13:8-12:up,up,12700,12716,16.86,1.0,4.0,4.0,0.3956648437499998,26.683637062499983
afrr:2025-05-13:12-16:up,up,12716,12732,16.86,1.0,4.0,4.0,0.7435776855468746,50.14687911328122
afrr:2025-05-13:16-20:up,up,12732,12748,16.86,1.0,4.0,4.0,1.0,67.44
afrr:2025-05-13:20-24:up,up,12748,12764,16.86,1.0,4.0,4.0,0.8230721803553606,55.507987843165516
afrr:2025-05-14:12-16:up,up,12812,12828,16.86,1.0,4.0,4.0,0.82210206763326,55.442563441187055
afrr:2025-05-14:16-20:up,up,12828,12844,16.86,1.0,4.0,4.0,1.0,67.44
afrr:2025-05-14:20-24:up,up,12844,12860,16.86,1.0,4.0,4.0,0.939468738442755,63.3577717205794
afrr:2025-05-15:0-4:up,up,12860,12876,16.86,1.0,4.0,4.0,1.0,67.44
afrr:2025-05-15:4-8:up,up,12876,12892,16.86,1.0,4.0,4.0,0.8108500000000002,54.68372400000001
afrr:2025-05-15:8-12:up,up,12892,12908,16.86,1.0,4.0,4.0,1.0,67.44
afrr:2025-05-15:12-16:up,up,12908,12924,16.86,1.0,4.0,4.0,0.8820033133147631,59.48230344994762
afrr:2025-05-15:16-20:up,up,12924,12940,16.86,1.0,4.0,4.0,1.0,67.44
afrr:2025-05-15:20-24:up,up,12940,12956,16.86,1.0,4.0,4.0,0.8803651251276957,59.3718240386118
afrr:2025-05-16:4-8:up,up,12972,12988,16.86,1.0,4.0,4.0,0.6493510235252908,43.79223302654561
afrr:2025-05-16:12-16:up,up,13004,13020,16.86,1.0,4.0,4.0,0.9902821455846295,66.78462789822741
afrr:2025-05-16:16-20:up,up,13020,13036,16.86,1.0,4.0,4.0,1.0,67.44
afrr:2025-05-16:20-24:up,up,13036,13052,16.86,1.0,4.0,4.0,0.9459704810274049,63.79624924048818
afrr:2025-05-17:4-8:up,up,13068,13084,16.86,1.0,4.0,4.0,0.9481510158347665,63.94330450789665
afrr:2025-05-17:12-16:up,up,13100,13116,16.86,1.0,4.0,4.0,1.0,67.44
afrr:2025-05-17:16-20:up,up,13116,13132,16.86,1.0,4.0,4.0,1.0,67.44
afrr:2025-05-17:20-24:up,up,13132,13148,16.86,1.0,4.0,4.0,1.0,67.44
afrr:2025-05-18:4-8:up,up,13164,13180,16.86,1.0,4.0,4.0,0.5787453631980788,39.03058729407843
afrr:2025-05-18:12-16:up,up,13196,13212,16.86,1.0,4.0,4.0,0.8450806075984391,56.99223617643873
afrr:2025-05-18:16-20:up,up,13212,13228,16.86,1.0,4.0,4.0,1.0,67.44
afrr:2025-05-18:20-24:up,up,13228,13244,16.86,1.0,4.0,4.0,1.0,67.44
afrr:2025-05-19:0-4:up,up,13244,13260,16.86,1.0,4.0,4.0,0.9191,61.984104
afrr:2025-05-19:4-8:up,up,13260,13276,16.86,1.0,4.0,4.0,1.0,67.44
afrr:2025-05-19:8-12:up,up,13276,13292,16.86,1.0,4.0,4.0,0.926636644122082,62.49237527959321
afrr:2025-05-19:12-16:up,up,13292,13308,16.86,1.0,4.0,4.0,0.8133544888000696,54.85262672467669
afrr:2025-05-19:16-20:up,up,13308,13324,16.86,1.0,4.0,4.0,1.0,67.44
afrr:2025-05-19:20-24:up,up,13324,13340,16.86,1.0,4.0,4.0,0.98475,66.41154
afrr:2025-05-20:0-4:up,up,13340,13356,16.86,1.0,4.0,4.0,0.3675126269551556,24.785051561855692
afrr:2025-05-20:4-8:up,up,13356,13372,16.86,1.0,4.0,4.0,0.76375,51.5073
afrr:2025-05-20:8-12:up,up,13372,13388,16.86,1.0,4.0,4.0,0.6181249999999999,41.68634999999999
afrr:2025-05-20:12-16:up,up,13388,13404,16.86,1.0,4.0,4.0,0.8352937500000001,56.3322105
afrr:2025-05-20:16-20:up,up,13404,13420,16.86,1.0,4.0,4.0,1.0,67.44
afrr:2025-05-20:20-24:up,up,13420,13436,16.86,1.0,4.0,4.0,0.9403142993925269,63.41479635103201
afrr:2025-05-21:0-4:up,up,13436,13452,16.86,1.0,4.0,4.0,1.0,67.44
afrr:2025-05-21:4-8:up,up,13452,13468,16.86,1.0,4.0,4.0,0.593322448979592,40.01366595918368
afrr:2025-05-21:8-12:up,up,13468,13484,16.86,1.0,4.0,4.0,0.563257142857143,37.986061714285725
afrr:2025-05-21:12-16:up,up,13484,13500,16.86,1.0,4.0,4.0,1.0,67.44
afrr:2025-05-21:16-20:up,up,13500,13516,16.86,1.0,4.0,4.0,0.9040404495819475,60.96848791980654
afrr:2025-05-21:20-24:up,up,13516,13532,16.86,1.0,4.0,4.0,1.0,67.44
afrr:2025-05-22:0-4:up,up,13532,13548,16.86,1.0,4.0,4.0,0.6270936475264343,42.29119558918273
afrr:2025-05-22:4-8:up,up,13548,13564,16.86,1.0,4.0,4.0,0.960806647029598,64.79680027567608
afrr:2025-05-22:8-12:up,up,13564,13580,16.86,1.0,4.0,4.0,0.955213703175954,64.41961214218634
afrr:2025-05-22:12-16:up,up,13580,13596,16.86,1.0,4.0,4.0,0.882,59.482079999999996
afrr:2025-05-22:16-20:up,up,13596,13612,16.86,1.0,4.0,4.0,1.0,67.44
afrr:2025-05-22:20-24:up,up,13612,13628,16.86,1.0,4.0,4.0,0.8330973208920109,56.184083320957214
afrr:2025-05-23:8-12:up,up,13660,13676,16.86,1.0,4.0,4.0,1.0,67.44
afrr:2025-05-23:12-16:up,up,13676,13692,16.86,1.0,4.0,4.0,1.0,67.44
afrr:2025-05-23:16-20:up,up,13692,13708,16.86,1.0,4.0,4.0,1.0,67.44
afrr:2025-05-24:12-16:up,up,13772,13788,16.86,1.0,4.0,4.0,1.0,67.44
afrr:2025-05-24:16-20:up,up,13788,13804,16.86,1.0,4.0,4.0,1.0,67.44
afrr:2025-05-25:12-16:up,up,13868,13884,16.86,1.0,4.0,4.0,1.0,67.44
afrr:2025-05-25:16-20:up,up,13884,13900,16.86,1.0,4.0,4.0,1.0,67.44
afrr:2025-05-26:12-16:up,up,13964,13980,16.86,1.0,4.0,4.0,1.0,67.44
afrr:2025-05-26:16-20:up,up,13980,13996,16.86,1.0,4.0,4.0,1.0,67.44
afrr:2025-05-27:0-4:up,up,14012,14028,16.86,1.0,4.0,4.0,1.0,67.44
afrr:2025-05-27:4-8:up,up,14028,14044,16.86,1.0,4.0,4.0,1.0,67.44
afrr:2025-05-27:8-12:up,up,14044,14060,16.86,1.0,4.0,4.0,0.6904371057925333,46.563078414648444
afrr:2025-05-27:12-16:up,up,14060,14076,16.86,1.0,4.0,4.0,1.0,67.44
afrr:2025-05-27:16-20:up,up,14076,14092,16.86,1.0,4.0,4.0,0.98475,66.41154
afrr:2025-05-27:20-24:up,up,14092,14108,16.86,1.0,4.0,4.0,0.8733817720593615,58.90086670768334
afrr:2025-05-28:0-4:up,up,14108,14124,16.86,1.0,4.0,4.0,0.7358999682908111,49.6290938615323
afrr:2025-05-28:4-8:up,up,14124,14140,16.86,1.0,4.0,4.0,0.8620187559454728,58.13454490096269
afrr:2025-05-28:8-12:up,up,14140,14156,16.86,1.0,4.0,4.0,0.9810806743564741,66.16408067860061
afrr:2025-05-28:12-16:up,up,14156,14172,16.86,1.0,4.0,4.0,1.0,67.44
afrr:2025-05-28:16-20:up,up,14172,14188,16.86,1.0,4.0,4.0,0.8173000000000001,55.11871200000001
afrr:2025-05-28:20-24:up,up,14188,14204,16.86,1.0,4.0,4.0,1.0,67.44
afrr:2025-05-29:8-12:up,up,14236,14252,16.86,1.0,4.0,4.0,0.5450658210510093,36.75923897168007
afrr:2025-05-29:12-16:up,up,14252,14268,16.86,1.0,4.0,4.0,0.7572825934196331,51.071138100220054
afrr:2025-05-29:16-20:up,up,14268,14284,16.86,1.0,4.0,4.0,1.0,67.44
afrr:2025-05-29:20-24:up,up,14284,14300,16.86,1.0,4.0,4.0,1.0,67.44
afrr:2025-05-30:0-4:up,up,14300,14316,16.86,1.0,4.0,4.0,0.875,59.01
afrr:2025-05-30:4-8:up,up,14316,14332,16.86,1.0,4.0,4.0,1.0,67.44
afrr:2025-05-30:8-12:up,up,14332,14348,16.86,1.0,4.0,4.0,1.0,67.44
afrr:2025-05-30:12-16:up,up,14348,14364,16.86,1.0,4.0,4.0,1.0,67.44
afrr:2025-05-30:16-20:up,up,14364,14380,16.86,1.0,4.0,4.0,1.0,67.44
afrr:2025-05-30:20-24:up,up,14380,14396,16.86,1.0,4.0,4.0,0.8810187045266926,59.41590143328015
afrr:2025-05-31:8-12:up,up,14428,14444,16.86,1.0,4.0,4.0,0.36666834516459146,24.728113197900047
afrr:2025-05-31:12-16:up,up,14444,14460,16.86,1.0,4.0,4.0,1.0,67.44
afrr:2025-05-31:16-20:up,up,14460,14476,16.86,1.0,4.0,4.0,1.0,67.44
afrr:2025-05-31:20-24:up,up,14476,14492,16.86,1.0,4.0,4.0,0.7313181545878599,49.32009634540527
afrr:2025-06-01:12-16:up,up,14540,14556,16.86,1.0,4.0,4.0,1.0,67.44
afrr:2025-06-01:16-20:up,up,14556,14572,16.86,1.0,4.0,4.0,0.9695,65.38308
afrr:2025-06-01:20-24:up,up,14572,14588,16.86,1.0,4.0,4.0,0.98665625,66.5400975
afrr:2025-06-02:4-8:up,up,14604,14620,16.86,1.0,4.0,4.0,1.0,67.44
afrr:2025-06-02:8-12:up,up,14620,14636,16.86,1.0,4.0,4.0,0.9559000000000001,64.465896
afrr:2025-06-02:12-16:up,up,14636,14652,16.86,1.0,4.0,4.0,0.9750125,65.754843
afrr:2025-06-02:16-20:up,up,14652,14668,16.86,1.0,4.0,4.0,1.0,67.44
afrr:2025-06-02:20-24:up,up,14668,14684,16.86,1.0,4.0,4.0,0.9777525493217158,65.93963192625651
afrr:2025-06-03:8-12:up,up,14716,14732,16.86,1.0,4.0,4.0,1.0,67.44
afrr:2025-06-03:12-16:up,up,14732,14748,16.86,1.0,4.0,4.0,1.0,67.44
afrr:2025-06-03:16-20:up,up,14748,14764,16.86,1.0,4.0,4.0,1.0,67.44
afrr:2025-06-03:20-24:up,up,14764,14780,16.86,1.0,4.0,4.0,0.8176832840262536,55.14456067473054
afrr:2025-06-04:8-12:up,up,14812,14828,16.86,1.0,4.0,4.0,1.0,67.44
afrr:2025-06-04:12-16:up,up,14828,14844,16.86,1.0,4.0,4.0,0.8419333333333334,56.779984000000006
afrr:2025-06-04:16-20:up,up,14844,14860,16.86,1.0,4.0,4.0,1.0,67.44
afrr:2025-06-04:20-24:up,up,14860,14876,16.86,1.0,4.0,4.0,1.0,67.44
afrr:2025-06-05:8-12:up,up,14908,14924,16.86,1.0,4.0,4.0,0.7205866666666666,48.596364799999996
afrr:2025-06-05:12-16:up,up,14924,14940,16.86,1.0,4.0,4.0,1.0,67.44
afrr:2025-06-05:16-20:up,up,14940,14956,16.86,1.0,4.0,4.0,1.0,67.44
afrr:2025-06-05:20-24:up,up,14956,14972,16.86,1.0,4.0,4.0,0.8767522790885768,59.128173701733616
afrr:2025-06-06:8-12:up,up,15004,15020,16.86,1.0,4.0,4.0,1.0,67.44
afrr:2025-06-06:12-16:up,up,15020,15036,16.86,1.0,4.0,4.0,1.0,67.44
afrr:2025-06-06:16-20:up,up,15036,15052,16.86,1.0,4.0,4.0,1.0,67.44
afrr:2025-06-07:8-12:up,up,15100,15116,16.86,1.0,4.0,4.0,1.0,67.44
afrr:2025-06-07:12-16:up,up,15116,15132,16.86,1.0,4.0,4.0,0.9612513521040359,64.82679118589618
afrr:2025-06-08:8-12:up,up,15196,15212,16.86,1.0,4.0,4.0,1.0,67.44
afrr:2025-06-08:12-16:up,up,15212,15228,16.86,1.0,4.0,4.0,1.0,67.44
afrr:2025-06-09:0-4:up,up,15260,15276,16.86,1.0,4.0,4.0,1.0,67.44
afrr:2025-06-09:4-8:up,up,15276,15292,16.86,1.0,4.0,4.0,0.9557500000000001,64.45578
afrr:2025-06-09:8-12:up,up,15292,15308,16.86,1.0,4.0,4.0,0.8960156250000001,60.427293750000004
afrr:2025-06-09:12-16:up,up,15308,15324,16.86,1.0,4.0,4.0,1.0,67.44
afrr:2025-06-09:16-20:up,up,15324,15340,16.86,1.0,4.0,4.0,1.0,67.44
afrr:2025-06-09:20-24:up,up,15340,15356,16.86,1.0,4.0,4.0,0.7626992909199579,51.43644017964196
afrr:2025-06-10:8-12:up,up,15388,15404,16.86,1.0,4.0,4.0,0.9462553350561947,63.81545979618977
afrr:2025-06-10:12-16:up,up,15404,15420,16.86,1.0,4.0,4.0,1.0,67.44
afrr:2025-06-10:20-24:up,up,15436,15452,16.86,1.0,4.0,4.0,1.0,67.44
afrr:2025-06-11:8-12:up,up,15484,15500,16.86,1.0,4.0,4.0,1.0,67.44
afrr:2025-06-11:12-16:up,up,15500,15516,16.86,1.0,4.0,4.0,0.7332771385470174,49.45221022361085
afrr:2025-06-11:20-24:up,up,15532,15548,16.86,1.0,4.0,4.0,1.0,67.44
afrr:2025-06-12:8-12:up,up,15580,15596,16.86,1.0,4.0,4.0,0.7381748233847105,49.78251008906488
afrr:2025-06-12:12-16:up,up,15596,15612,16.86,1.0,4.0,4.0,1.0,67.44
afrr:2025-06-12:20-24:up,up,15628,15644,16.86,1.0,4.0,4.0,1.0,67.44
afrr:2025-06-13:8-12:up,up,15676,15692,16.86,1.0,4.0,4.0,0.20478381695237555,13.810620615268206
afrr:2025-06-13:12-16:up,up,15692,15708,16.86,1.0,4.0,4.0,0.5156388741547582,34.77468567299689
afrr:2025-06-14:20-24:up,up,15820,15836,16.86,1.0,4.0,4.0,1.0,67.44
afrr:2025-06-15:20-24:up,up,15916,15932,16.86,1.0,4.0,4.0,1.0,67.44
afrr:2025-06-16:0-4:up,up,15932,15948,16.86,1.0,4.0,4.0,0.95275,64.25345999999999
afrr:2025-06-16:4-8:up,up,15948,15964,16.86,1.0,4.0,4.0,0.9404531249999999,63.42415874999999
afrr:2025-06-16:8-12:up,up,15964,15980,16.86,1.0,4.0,4.0,1.0,67.44
afrr:2025-06-16:12-16:up,up,15980,15996,16.86,1.0,4.0,4.0,0.8803766823240996,59.37260345593727
afrr:2025-06-16:16-20:up,up,15996,16012,16.86,1.0,4.0,4.0,1.0,67.44
afrr:2025-06-16:20-24:up,up,16012,16028,16.86,1.0,4.0,4.0,0.7090147773333675,47.8159565833623
afrr:2025-06-19:8-12:up,up,16252,16268,16.86,1.0,4.0,4.0,1.0,67.44
afrr:2025-06-20:0-4:up,up,16316,16332,16.86,1.0,4.0,4.0,1.0,67.44
afrr:2025-06-20:4-8:up,up,16332,16348,16.86,1.0,4.0,4.0,0.8566000000000001,57.769104000000006
afrr:2025-06-20:8-12:up,up,16348,16364,16.86,1.0,4.0,4.0,0.6787749999999999,45.776585999999995
afrr:2025-06-20:12-16:up,up,16364,16380,16.86,1.0,4.0,4.0,0.7470078125,50.378206875000004
afrr:2025-06-20:16-20:up,up,16380,16396,16.86,1.0,4.0,4.0,1.0,67.44
afrr:2025-06-20:20-24:up,up,16396,16412,16.86,1.0,4.0,4.0,0.8613999999999999,58.09281599999999
afrr:2025-06-21:0-4:up,up,16412,16428,16.86,1.0,4.0,4.0,0.936425,63.15250199999999
afrr:2025-06-21:4-8:up,up,16428,16444,16.86,1.0,4.0,4.0,0.6878921875,46.391449125
afrr:2025-06-21:8-12:up,up,16444,16460,16.86,1.0,4.0,4.0,0.5600191406250002,37.76769084375002
afrr:2025-06-21:16-20:up,up,16476,16492,16.86,1.0,4.0,4.0,1.0,67.44
afrr:2025-06-21:20-24:up,up,16492,16508,16.86,1.0,4.0,4.0,0.9997632083344961,67.42403077007842
afrr:2025-06-22:0-4:up,up,16508,16524,16.86,1.0,4.0,4.0,0.3006223828525391,20.273973499575238
afrr:2025-06-22:4-8:up,up,16524,16540,16.86,1.0,4.0,4.0,0.33560568606768804,22.633247468404882
afrr:2025-06-22:8-12:up,up,16540,16556,16.86,1.0,4.0,4.0,0.7986556860676881,53.861339468404886
afrr:2025-06-22:12-16:up,up,16556,16572,16.86,1.0,4.0,4.0,1.0,67.44
afrr:2025-06-22:16-20:up,up,16572,16588,16.86,1.0,4.0,4.0,1.0,67.44
afrr:2025-06-22:20-24:up,up,16588,16604,16.86,1.0,4.0,4.0,0.9086500000000001,61.279356
afrr:2025-06-23:0-4:up,up,16604,16620,16.86,1.0,4.0,4.0,0.9184727272727273,61.94180072727273
afrr:2025-06-23:4-8:up,up,16620,16636,16.86,1.0,4.0,4.0,1.0,67.44
afrr:2025-06-23:8-12:up,up,16636,16652,16.86,1.0,4.0,4.0,0.7605170498379592,51.28926984107197
afrr:2025-06-23:12-16:up,up,16652,16668,16.86,1.0,4.0,4.0,1.0,67.44
afrr:2025-06-23:16-20:up,up,16668,16684,16.86,1.0,4.0,4.0,1.0,67.44
afrr:2025-06-23:20-24:up,up,16684,16700,16.86,1.0,4.0,4.0,1.0,67.44
afrr:2025-06-24:8-12:up,up,16732,16748,16.86,1.0,4.0,4.0,0.8639000000000002,58.26141600000001
afrr:2025-06-24:12-16:up,up,16748,16764,16.86,1.0,4.0,4.0,0.9932562499999998,66.98520149999999
afrr:2025-06-24:16-20:up,up,16764,16780,16.86,1.0,4.0,4.0,1.0,67.44
afrr:2025-06-24:20-24:up,up,16780,16796,16.86,1.0,4.0,4.0,0.923767980410928,62.298912598912985
afrr:2025-06-25:0-4:up,up,16796,16812,16.86,1.0,4.0,4.0,1.0,67.44
afrr:2025-06-25:4-8:up,up,16812,16828,16.86,1.0,4.0,4.0,0.81415,54.906276
afrr:2025-06-25:8-12:up,up,16828,16844,16.86,1.0,4.0,4.0,0.9491156249999999,64.00835774999999
afrr:2025-06-25:12-16:up,up,16844,16860,16.86,1.0,4.0,4.0,1.0,67.44
afrr:2025-06-25:16-20:up,up,16860,16876,16.86,1.0,4.0,4.0,0.98475,66.41154
afrr:2025-06-25:20-24:up,up,16876,16892,16.86,1.0,4.0,4.0,1.0,67.44
afrr:2025-06-26:0-4:up,up,16892,16908,16.86,1.0,4.0,4.0,0.7159333333333334,48.282544
afrr:2025-06-26:4-8:up,up,16908,16924,16.86,1.0,4.0,4.0,0.95275,64.25345999999999
afrr:2025-06-26:8-12:up,up,16924,16940,16.86,1.0,4.0,4.0,1.0,67.44
afrr:2025-06-26:12-16:up,up,16940,16956,16.86,1.0,4.0,4.0,0.32223433895050835,21.731483818822284
afrr:2025-06-26:16-20:up,up,16956,16972,16.86,1.0,4.0,4.0,1.0,67.44
afrr:2025-06-26:20-24:up,up,16972,16988,16.86,1.0,4.0,4.0,1.0,67.44
afrr:2025-06-27:0-4:up,up,16988,17004,16.86,1.0,4.0,4.0,0.5008618485900066,33.77812306891004
afrr:2025-06-27:4-8:up,up,17004,17020,16.86,1.0,4.0,4.0,0.8381079830531313,56.52200237710317
afrr:2025-06-27:8-12:up,up,17020,17036,16.86,1.0,4.0,4.0,1.0,67.44
afrr:2025-06-27:12-16:up,up,17036,17052,16.86,1.0,4.0,4.0,1.0,67.44
afrr:2025-06-27:16-20:up,up,17052,17068,16.86,1.0,4.0,4.0,1.0,67.44
afrr:2025-06-27:20-24:up,up,17068,17084,16.86,1.0,4.0,4.0,0.9559000000000001,64.465896
afrr:2025-06-28:0-4:up,up,17084,17100,16.86,1.0,4.0,4.0,0.8805125,59.381763
afrr:2025-06-28:4-8:up,up,17100,17116,16.86,1.0,4.0,4.0,0.7704484375,51.959042625
afrr:2025-06-28:8-12:up,up,17116,17132,16.86,1.0,4.0,4.0,0.5296833007812501,35.72184180468751
afrr:2025-06-28:12-16:up,up,17132,17148,16.86,1.0,4.0,4.0,1.0,67.44
afrr:2025-06-28:16-20:up,up,17148,17164,16.86,1.0,4.0,4.0,1.0,67.44
afrr:2025-06-28:20-24:up,up,17164,17180,16.86,1.0,4.0,4.0,0.9398791589723491,63.38545048109522
afrr:2025-06-29:0-4:up,up,17180,17196,16.86,1.0,4.0,4.0,1.0,67.44
afrr:2025-06-29:4-8:up,up,17196,17212,16.86,1.0,4.0,4.0,0.6913777777777779,46.62651733333334
afrr:2025-06-29:8-12:up,up,17212,17228,16.86,1.0,4.0,4.0,0.38890000000000013,26.22741600000001
afrr:2025-06-29:12-16:up,up,17228,17244,16.86,1.0,4.0,4.0,1.0,67.44
afrr:2025-06-29:16-20:up,up,17244,17260,16.86,1.0,4.0,4.0,1.0,67.44
afrr:2025-06-29:20-24:up,up,17260,17276,16.86,1.0,4.0,4.0,0.9559000000000001,64.465896
afrr:2025-06-30:0-4:up,up,17276,17292,16.86,1.0,4.0,4.0,0.9559000000000001,64.465896
afrr:2025-06-30:4-8:up,up,17292,17308,16.86,1.0,4.0,4.0,0.9559000000000001,64.465896
afrr:2025-06-30:8-12:up,up,17308,17324,16.86,1.0,4.0,4.0,0.8051496260986518,54.299290784093074
afrr:2025-06-30:12-16:up,up,17324,17340,16.86,1.0,4.0,4.0,0.7112615384615385,47.96747815384615
afrr:2025-06-30:16-20:up,up,17340,17356,16.86,1.0,4.0,4.0,0.9996461538461537,67.4161366153846
afrr:2025-06-30:20-24:up,up,17356,17372,16.86,1.0,4.0,4.0,0.9847721153846154,66.41303146153847
afrr:2025-07-01:0-4:up,up,17372,17388,16.86,1.0,4.0,4.0,0.6778920875035571,45.71704238123989
afrr:2025-07-01:4-8:up,up,17388,17404,16.86,1.0,4.0,4.0,0.6157411581075212,41.52558370277123
afrr:2025-07-01:8-12:up,up,17404,17420,16.86,1.0,4.0,4.0,0.8488411581075211,57.24584770277122
afrr:2025-07-01:12-16:up,up,17420,17436,16.86,1.0,4.0,4.0,0.766885905771409,51.718785485223826
afrr:2025-07-01:16-20:up,up,17436,17452,16.86,1.0,4.0,4.0,0.9475674769114592,63.903950642908804
afrr:2025-07-01:20-24:up,up,17452,17468,16.86,1.0,4.0,4.0,0.9407770326930338,63.4460030848182
afrr:2025-07-02:0-4:up,up,17468,17484,16.86,1.0,4.0,4.0,0.5795913872598879,39.08764315680684
afrr:2025-07-02:4-8:up,up,17484,17500,16.86,1.0,4.0,4.0,0.8788424638524018,59.26913576220598
afrr:2025-07-02:8-12:up,up,17500,17516,16.86,1.0,4.0,4.0,0.9492747622796994,64.01908996814292
afrr:2025-07-02:12-16:up,up,17516,17532,16.86,1.0,4.0,4.0,0.5156266666666667,34.7738624
afrr:2025-07-02:16-20:up,up,17532,17548,16.86,1.0,4.0,4.0,1.0,67.44
afrr:2025-07-02:20-24:up,up,17548,17564,16.86,1.0,4.0,4.0,0.9387654106978027,63.31033929745981
afrr:2025-07-03:0-4:up,up,17564,17580,16.86,1.0,4.0,4.0,0.6635055435175139,44.746813854821134
afrr:2025-07-03:4-8:up,up,17580,17596,16.86,1.0,4.0,4.0,0.4587909646984463,30.940862659263217
afrr:2025-07-03:8-12:up,up,17596,17612,16.86,1.0,4.0,4.0,0.34409322352383465,23.205646994447406
afrr:2025-07-03:12-16:up,up,17612,17628,16.86,1.0,4.0,4.0,0.4928500000000001,33.237804000000004
afrr:2025-07-03:16-20:up,up,17628,17644,16.86,1.0,4.0,4.0,0.9118000000000002,61.49179200000001
afrr:2025-07-03:20-24:up,up,17644,17660,16.86,1.0,4.0,4.0,1.0,67.44
afrr:2025-07-04:0-4:up,up,17660,17676,16.86,1.0,4.0,4.0,0.9537729386964441,64.32244698568819
afrr:2025-07-04:4-8:up,up,17676,17692,16.86,1.0,4.0,4.0,0.6719472780167498,45.31612442944961
afrr:2025-07-04:8-12:up,up,17692,17708,16.86,1.0,4.0,4.0,0.721300573140703,48.64451065260901
afrr:2025-07-04:12-16:up,up,17708,17724,16.86,1.0,4.0,4.0,0.9114880014981152,61.47075082103289
afrr:2025-07-04:16-20:up,up,17724,17740,16.86,1.0,4.0,4.0,1.0,67.44
afrr:2025-07-04:20-24:up,up,17740,17756,16.86,1.0,4.0,4.0,1.0,67.44
afrr:2025-07-05:0-4:up,up,17756,17772,16.86,1.0,4.0,4.0,0.7316066080477122,49.33954964673771
afrr:2025-07-05:4-8:up,up,17772,17788,16.86,1.0,4.0,4.0,0.6888295430328022,46.45466438213218
afrr:2025-07-05:8-12:up,up,17788,17804,16.86,1.0,4.0,4.0,1.0,67.44
afrr:2025-07-05:12-16:up,up,17804,17820,16.86,1.0,4.0,4.0,1.0,67.44
afrr:2025-07-05:16-20:up,up,17820,17836,16.86,1.0,4.0,4.0,1.0,67.44
afrr:2025-07-05:20-24:up,up,17836,17852,16.86,1.0,4.0,4.0,1.0,67.44
afrr:2025-07-06:0-4:up,up,17852,17868,16.86,1.0,4.0,4.0,0.9375,63.224999999999994
afrr:2025-07-06:4-8:up,up,17868,17884,16.86,1.0,4.0,4.0,1.0,67.44
afrr:2025-07-06:8-12:up,up,17884,17900,16.86,1.0,4.0,4.0,0.5448895144827155,36.74734885671433
afrr:2025-07-06:12-16:up,up,17900,17916,16.86,1.0,4.0,4.0,1.0,67.44
afrr:2025-07-06:16-20:up,up,17916,17932,16.86,1.0,4.0,4.0,0.9559000000000001,64.465896
afrr:2025-07-06:20-24:up,up,17932,17948,16.86,1.0,4.0,4.0,0.98750625,66.5974215
afrr:2025-07-07:0-4:up,up,17948,17964,16.86,1.0,4.0,4.0,0.3389726890226813,22.860318147689625
afrr:2025-07-07:4-8:up,up,17964,17980,16.86,1.0,4.0,4.0,0.6602726890226813,44.52879014768963
afrr:2025-07-07:8-12:up,up,17980,17996,16.86,1.0,4.0,4.0,0.6397874737030933,43.14726722653661
afrr:2025-07-07:12-16:up,up,17996,18012,16.86,1.0,4.0,4.0,0.43985388817087684,29.663746218243933
afrr:2025-07-07:16-20:up,up,18012,18028,16.86,1.0,4.0,4.0,1.0,67.44
afrr:2025-07-07:20-24:up,up,18028,18044,16.86,1.0,4.0,4.0,0.9086500000000001,61.279356
afrr:2025-07-08:0-4:up,up,18044,18060,16.86,1.0,4.0,4.0,0.61479375,41.4616905
afrr:2025-07-08:4-8:up,up,18060,18076,16.86,1.0,4.0,4.0,0.92315078125,62.2572886875
afrr:2025-07-08:8-12:up,up,18076,18092,16.86,1.0,4.0,4.0,0.5497753906250002,37.07685234375001
afrr:2025-07-08:12-16:up,up,18092,18108,16.86,1.0,4.0,4.0,0.5251534667968754,35.416349800781276
afrr:2025-07-08:16-20:up,up,18108,18124,16.86,1.0,4.0,4.0,1.0,67.44
afrr:2025-07-08:20-24:up,up,18124,18140,16.86,1.0,4.0,4.0,0.9663499999999999,65.170644
afrr:2025-07-09:0-4:up,up,18140,18156,16.86,1.0,4.0,4.0,0.8614346498373975,58.09515278503408
afrr:2025-07-09:4-8:up,up,18156,18172,16.86,1.0,4.0,4.0,0.7912656529928855,53.3629556378402
afrr:2025-07-09:8-12:up,up,18172,18188,16.86,1.0,4.0,4.0,0.7912656529928855,53.3629556378402
afrr:2025-07-09:12-16:up,up,18188,18204,16.86,1.0,4.0,4.0,0.7176036132955425,48.39518768065138
afrr:2025-07-09:16-20:up,up,18204,18220,16.86,1.0,4.0,4.0,0.9436533874645712,63.639984450610676
afrr:2025-07-09:20-24:up,up,18220,18236,16.86,1.0,4.0,4.0,0.9410216632834643,63.462500971836825
afrr:2025-07-10:0-4:up,up,18236,18252,16.86,1.0,4.0,4.0,1.0,67.44
afrr:2025-07-10:4-8:up,up,18252,18268,16.86,1.0,4.0,4.0,1.0,67.44
afrr:2025-07-10:8-12:up,up,18268,18284,16.86,1.0,4.0,4.0,0.7958166829716832,53.66987709961031
afrr:2025-07-10:12-16:up,up,18284,18300,16.86,1.0,4.0,4.0,0.5358468841715721,36.137513868530824
afrr:2025-07-10:16-20:up,up,18300,18316,16.86,1.0,4.0,4.0,1.0,67.44
afrr:2025-07-10:20-24:up,up,18316,18332,16.86,1.0,4.0,4.0,1.0,67.44
afrr:2025-07-11:0-4:up,up,18332,18348,16.86,1.0,4.0,4.0,0.7228923076923075,48.75185723076922
afrr:2025-07-11:4-8:up,up,18348,18364,16.86,1.0,4.0,4.0,1.0,67.44
afrr:2025-07-11:8-12:up,up,18364,18380,16.86,1.0,4.0,4.0,0.9277463887517348,62.56721645741699
afrr:2025-07-11:12-16:up,up,18380,18396,16.86,1.0,4.0,4.0,0.6171304467943278,41.619277331809464
afrr:2025-07-11:16-20:up,up,18396,18412,16.86,1.0,4.0,4.0,0.9620891409450368,64.88329166533329
afrr:2025-07-11:20-24:up,up,18412,18428,16.86,1.0,4.0,4.0,1.0,67.44
afrr:2025-07-12:0-4:up,up,18428,18444,16.86,1.0,4.0,4.0,0.9304571428571428,62.7500297142857
afrr:2025-07-12:4-8:up,up,18444,18460,16.86,1.0,4.0,4.0,0.9418464285714286,63.51812314285714
afrr:2025-07-12:8-12:up,up,18460,18476,16.86,1.0,4.0,4.0,0.35319241071428614,23.819296178571456
afrr:2025-07-12:12-16:up,up,18476,18492,16.86,1.0,4.0,4.0,0.5673188337053574,38.2599821450893
afrr:2025-07-12:16-20:up,up,18492,18508,16.86,1.0,4.0,4.0,1.0,67.44
afrr:2025-07-12:20-24:up,up,18508,18524,16.86,1.0,4.0,4.0,1.0,67.44
afrr:2025-07-13:0-4:up,up,18524,18540,16.86,1.0,4.0,4.0,0.7165971752533061,48.32731349908296
afrr:2025-07-13:4-8:up,up,18540,18556,16.86,1.0,4.0,4.0,0.9874971752533063,66.59680949908297
afrr:2025-07-13:8-12:up,up,18556,18572,16.86,1.0,4.0,4.0,0.4161963109737954,28.06827921207276
afrr:2025-07-13:12-16:up,up,18572,18588,16.86,1.0,4.0,4.0,0.679072694358622,45.79666250754547
afrr:2025-07-13:16-20:up,up,18588,18604,16.86,1.0,4.0,4.0,1.0,67.44
afrr:2025-07-13:20-24:up,up,18604,18620,16.86,1.0,4.0,4.0,0.9409010387408253,63.45436605268126
afrr:2025-07-14:0-4:up,up,18620,18636,16.86,1.0,4.0,4.0,0.9411936850786984,63.47410212170742
afrr:2025-07-14:4-8:up,up,18636,18652,16.86,1.0,4.0,4.0,1.0,67.44
afrr:2025-07-14:8-12:up,up,18652,18668,16.86,1.0,4.0,4.0,0.9768000000000003,65.87539200000002
afrr:2025-07-14:12-16:up,up,18668,18684,16.86,1.0,4.0,4.0,0.6675979761602222,45.022807512245386
afrr:2025-07-14:16-20:up,up,18684,18700,16.86,1.0,4.0,4.0,0.7361736086101528,49.647548164668706
afrr:2025-07-14:20-24:up,up,18700,18716,16.86,1.0,4.0,4.0,1.0,67.44
afrr:2025-07-15:0-4:up,up,18716,18732,16.86,1.0,4.0,4.0,0.9815999999999999,66.19910399999999
afrr:2025-07-15:4-8:up,up,18732,18748,16.86,1.0,4.0,4.0,0.95455,64.374852
afrr:2025-07-15:8-12:up,up,18748,18764,16.86,1.0,4.0,4.0,0.7613624999999999,51.346287
afrr:2025-07-15:12-16:up,up,18764,18780,16.86,1.0,4.0,4.0,0.28551093749999995,19.254857624999996
afrr:2025-07-15:16-20:up,up,18780,18796,16.86,1.0,4.0,4.0,0.9559000000000001,64.465896
afrr:2025-07-15:20-24:up,up,18796,18812,16.86,1.0,4.0,4.0,1.0,67.44
afrr:2025-07-16:0-4:up,up,18812,18828,16.86,1.0,4.0,4.0,0.6875000498094049,46.365003359146264
afrr:2025-07-16:4-8:up,up,18828,18844,16.86,1.0,4.0,4.0,0.7789460317460313,52.53212038095235
afrr:2025-07-16:8-12:up,up,18844,18860,16.86,1.0,4.0,4.0,0.6208571428571427,41.8706057142857
afrr:2025-07-16:12-16:up,up,18860,18876,16.86,1.0,4.0,4.0,0.8172999999999999,55.118711999999995
afrr:2025-07-16:16-20:up,up,18876,18892,16.86,1.0,4.0,4.0,1.0,67.44
afrr:2025-07-16:20-24:up,up,18892,18908,16.86,1.0,4.0,4.0,0.9559000000000001,64.465896
afrr:2025-07-17:0-4:up,up,18908,18924,16.86,1.0,4.0,4.0,1.0,67.44
afrr:2025-07-17:4-8:up,up,18924,18940,16.86,1.0,4.0,4.0,0.8581000000000002,57.87026400000001
afrr:2025-07-17:8-12:up,up,18940,18956,16.86,1.0,4.0,4.0,0.9130381621535159,61.575293655633104
afrr:2025-07-17:12-16:up,up,18956,18972,16.86,1.0,4.0,4.0,0.77005,51.932172
afrr:2025-07-17:16-20:up,up,18972,18988,16.86,1.0,4.0,4.0,0.996992432887192,67.23716967391222
afrr:2025-07-17:20-24:up,up,18988,19004,16.86,1.0,4.0,4.0,1.0,67.44
afrr:2025-07-18:0-4:up,up,19004,19020,16.86,1.0,4.0,4.0,0.7451967596591285,50.25606947141162
afrr:2025-07-18:4-8:up,up,19020,19036,16.86,1.0,4.0,4.0,0.9821056281705347,66.23320356382087
afrr:2025-07-18:8-12:up,up,19036,19052,16.86,1.0,4.0,4.0,1.0,67.44
afrr:2025-07-18:12-16:up,up,19052,19068,16.86,1.0,4.0,4.0,1.0,67.44
afrr:2025-07-18:16-20:up,up,19068,19084,16.86,1.0,4.0,4.0,0.8196729184539019,55.27874162053114
afrr:2025-07-18:20-24:up,up,19084,19100,16.86,1.0,4.0,4.0,0.948770442596631,63.985078648716794
afrr:2025-07-19:0-4:up,up,19100,19116,16.86,1.0,4.0,4.0,0.8951073893508423,60.36604233782081
afrr:2025-07-19:4-8:up,up,19116,19132,16.86,1.0,4.0,4.0,0.8881115763311447,59.894244707772394
afrr:2025-07-19:8-12:up,up,19132,19148,16.86,1.0,4.0,4.0,0.5877627616862687,39.63872064812196
afrr:2025-07-19:12-16:up,up,19148,19164,16.86,1.0,4.0,4.0,0.7054665534485262,47.5766643645686
afrr:2025-07-19:16-20:up,up,19164,19180,16.86,1.0,4.0,4.0,1.0,67.44
afrr:2025-07-19:20-24:up,up,19180,19196,16.86,1.0,4.0,4.0,0.9815999999999999,66.19910399999999
afrr:2025-07-20:0-4:up,up,19196,19212,16.86,1.0,4.0,4.0,1.0,67.44
afrr:2025-07-20:4-8:up,up,19212,19228,16.86,1.0,4.0,4.0,0.1875000000000003,12.645000000000021
afrr:2025-07-20:8-12:up,up,19228,19244,16.86,1.0,4.0,4.0,0.10546875000000024,7.1128125000000155
afrr:2025-07-20:16-20:up,up,19260,19276,16.86,1.0,4.0,4.0,1.0,67.44
afrr:2025-07-20:20-24:up,up,19276,19292,16.86,1.0,4.0,4.0,0.7439147375203755,50.16960989837412
afrr:2025-07-21:8-12:up,up,19324,19340,16.86,1.0,4.0,4.0,0.8628283081768536,58.18914110344701
afrr:2025-07-21:12-16:up,up,19340,19356,16.86,1.0,4.0,4.0,1.0,67.44
afrr:2025-07-21:16-20:up,up,19356,19372,16.86,1.0,4.0,4.0,1.0,67.44
afrr:2025-07-21:20-24:up,up,19372,19388,16.86,1.0,4.0,4.0,0.9999142392735779,67.43421629661009
afrr:2025-07-22:4-8:up,up,19404,19420,16.86,1.0,4.0,4.0,0.888813123737719,59.94155706487177
afrr:2025-07-22:8-12:up,up,19420,19436,16.86,1.0,4.0,4.0,0.44449179766392555,29.97652683445514
afrr:2025-07-22:16-20:up,up,19452,19468,16.86,1.0,4.0,4.0,0.9885688482479441,66.66908312584135
afrr:2025-07-22:20-24:up,up,19468,19484,16.86,1.0,4.0,4.0,0.9823144469845034,66.24728630463491
afrr:2025-07-23:4-8:up,up,19500,19516,16.86,1.0,4.0,4.0,0.8613999999999999,58.09281599999999
afrr:2025-07-23:12-16:up,up,19532,19548,16.86,1.0,4.0,4.0,0.7749125000000001,52.260099000000004
afrr:2025-07-23:16-20:up,up,19548,19564,16.86,1.0,4.0,4.0,1.0,67.44
afrr:2025-07-23:20-24:up,up,19564,19580,16.86,1.0,4.0,4.0,1.0,67.44
afrr:2025-07-24:4-8:up,up,19596,19612,16.86,1.0,4.0,4.0,0.7591519699995963,51.197208856772775
afrr:2025-07-24:12-16:up,up,19628,19644,16.86,1.0,4.0,4.0,0.8917279494508297,60.138132910963954
afrr:2025-07-24:16-20:up,up,19644,19660,16.86,1.0,4.0,4.0,0.8204500000000001,55.331148000000006
afrr:2025-07-24:20-24:up,up,19660,19676,16.86,1.0,4.0,4.0,1.0,67.44
afrr:2025-07-25:16-20:up,up,19740,19756,16.86,1.0,4.0,4.0,0.9540455747484764,64.34083356103724
afrr:2025-07-25:20-24:up,up,19756,19772,16.86,1.0,4.0,4.0,0.9861055226188714,66.50295644541669
afrr:2025-07-26:4-8:up,up,19788,19804,16.86,1.0,4.0,4.0,0.7368972386905647,49.69634977729168
afrr:2025-07-26:8-12:up,up,19804,19820,16.86,1.0,4.0,4.0,0.6881229290179236,46.40701033296877
afrr:2025-07-26:16-20:up,up,19836,19852,16.86,1.0,4.0,4.0,1.0,67.44
afrr:2025-07-26:20-24:up,up,19852,19868,16.86,1.0,4.0,4.0,0.8187173870154453,55.21430058032163
afrr:2025-07-27:0-4:up,up,19868,19884,16.86,1.0,4.0,4.0,0.4936388568192576,33.29100450389073
afrr:2025-07-27:4-8:up,up,19884,19900,16.86,1.0,4.0,4.0,0.4319339997168504,29.129628940904393
afrr:2025-07-27:16-20:up,up,19932,19948,16.86,1.0,4.0,4.0,1.0,67.44
afrr:2025-07-27:20-24:up,up,19948,19964,16.86,1.0,4.0,4.0,0.8785990366595449,59.2527190323197
afrr:2025-07-28:0-4:up,up,19964,19980,16.86,1.0,4.0,4.0,0.6352571428571426,42.841741714285696
afrr:2025-07-28:4-8:up,up,19980,19996,16.86,1.0,4.0,4.0,0.7795,52.56948
afrr:2025-07-28:8-12:up,up,19996,20012,16.86,1.0,4.0,4.0,0.7795,52.56948
afrr:2025-07-28:16-20:up,up,20028,20044,16.86,1.0,4.0,4.0,0.9118000000000002,61.49179200000001
afrr:2025-07-28:20-24:up,up,20044,20060,16.86,1.0,4.0,4.0,1.0,67.44
afrr:2025-07-29:0-4:up,up,20060,20076,16.86,1.0,4.0,4.0,0.9375,63.224999999999994
afrr:2025-07-29:16-20:up,up,20124,20140,16.86,1.0,4.0,4.0,1.0,67.44
afrr:2025-07-29:20-24:up,up,20140,20156,16.86,1.0,4.0,4.0,0.8194113288768452,55.26110001945444
afrr:2025-07-30:16-20:up,up,20220,20236,16.86,1.0,4.0,4.0,0.8798688724932252,59.33835676094311
afrr:2025-07-30:20-24:up,up,20236,20252,16.86,1.0,4.0,4.0,0.934116390938347,62.996809404882114
afrr:2025-07-31:16-20:up,up,20316,20332,16.86,1.0,4.0,4.0,1.0,67.44
afrr:2025-07-31:20-24:up,up,20332,20348,16.86,1.0,4.0,4.0,0.9209422712362509,62.10834677217276
afrr:2025-08-01:12-16:up,up,20396,20412,16.86,1.0,4.0,4.0,0.42324445976132813,28.54360636630397
afrr:2025-08-01:16-20:up,up,20412,20428,16.86,1.0,4.0,4.0,1.0,67.44
afrr:2025-08-01:20-24:up,up,20428,20444,16.86,1.0,4.0,4.0,0.9386958884906303,63.305650719808106
afrr:2025-08-02:20-24:up,up,20524,20540,16.86,1.0,4.0,4.0,1.0,67.44
afrr:2025-08-03:20-24:up,up,20620,20636,16.86,1.0,4.0,4.0,1.0,67.44
afrr:2025-08-04:20-24:up,up,20716,20732,16.86,1.0,4.0,4.0,1.0,67.44
afrr:2025-08-05:20-24:up,up,20812,20828,16.86,1.0,4.0,4.0,1.0,67.44
afrr:2025-08-07:0-4:up,up,20924,20940,16.86,1.0,4.0,4.0,1.0,67.44
afrr:2025-08-07:4-8:up,up,20940,20956,16.86,1.0,4.0,4.0,0.8229500000000001,55.499748000000004
afrr:2025-08-07:8-12:up,up,20956,20972,16.86,1.0,4.0,4.0,0.5657781250000002,38.15607675000002
afrr:2025-08-07:12-16:up,up,20972,20988,16.86,1.0,4.0,4.0,0.75193359375,50.710401562499996
afrr:2025-08-07:16-20:up,up,20988,21004,16.86,1.0,4.0,4.0,1.0,67.44
afrr:2025-08-07:20-24:up,up,21004,21020,16.86,1.0,4.0,4.0,0.5166522254108113,34.84302608170512
afrr:2025-08-13:16-20:up,up,21564,21580,16.86,1.0,4.0,4.0,1.0,67.44
afrr:2025-08-14:4-8:up,up,21612,21628,16.86,1.0,4.0,4.0,1.0,67.44
afrr:2025-08-14:8-12:up,up,21628,21644,16.86,1.0,4.0,4.0,0.7533823678603926,50.808106888504874
afrr:2025-08-14:16-20:up,up,21660,21676,16.86,1.0,4.0,4.0,1.0,67.44
afrr:2025-08-14:20-24:up,up,21676,21692,16.86,1.0,4.0,4.0,1.0,67.44
afrr:2025-08-15:4-8:up,up,21708,21724,16.86,1.0,4.0,4.0,0.95275,64.25345999999999
afrr:2025-08-15:8-12:up,up,21724,21740,16.86,1.0,4.0,4.0,0.73091875,49.29316049999999
afrr:2025-08-15:20-24:up,up,21772,21788,16.86,1.0,4.0,4.0,1.0,67.44
afrr:2025-08-16:0-4:up,up,21788,21804,16.86,1.0,4.0,4.0,0.7316000000000001,49.339104000000006
afrr:2025-08-16:4-8:up,up,21804,21820,16.86,1.0,4.0,4.0,1.0,67.44
afrr:2025-08-16:8-12:up,up,21820,21836,16.86,1.0,4.0,4.0,0.9941248355276083,67.0437789079819
afrr:2025-08-16:12-16:up,up,21836,21852,16.86,1.0,4.0,4.0,1.0,67.44
afrr:2025-08-16:16-20:up,up,21852,21868,16.86,1.0,4.0,4.0,1.0,67.44
afrr:2025-08-16:20-24:up,up,21868,21884,16.86,1.0,4.0,4.0,0.9996409868797503,67.41578815517036
afrr:2025-08-17:0-4:up,up,21884,21900,16.86,1.0,4.0,4.0,0.37569688793584016,25.33699812239306
afrr:2025-08-17:20-24:up,up,21964,21980,16.86,1.0,4.0,4.0,1.0,67.44
afrr:2025-08-18:0-4:up,up,21980,21996,16.86,1.0,4.0,4.0,0.9769987038764447,65.88879258942742
afrr:2025-08-18:4-8:up,up,21996,22012,16.86,1.0,4.0,4.0,0.9898366089150558,66.75458090523136
afrr:2025-08-18:8-12:up,up,22012,22028,16.86,1.0,4.0,4.0,0.982445211942809,66.25610509342303
afrr:2025-08-18:12-16:up,up,22028,22044,16.86,1.0,4.0,4.0,0.27903774459042835,18.81830549517849
afrr:2025-08-18:16-20:up,up,22044,22060,16.86,1.0,4.0,4.0,1.0,67.44
afrr:2025-08-18:20-24:up,up,22060,22076,16.86,1.0,4.0,4.0,1.0,67.44
afrr:2025-08-19:0-4:up,up,22076,22092,16.86,1.0,4.0,4.0,1.0,67.44
afrr:2025-08-19:4-8:up,up,22092,22108,16.86,1.0,4.0,4.0,0.6888500000000002,46.45604400000001
afrr:2025-08-19:8-12:up,up,22108,22124,16.86,1.0,4.0,4.0,0.887290625,59.83887975
afrr:2025-08-19:12-16:up,up,22124,22140,16.86,1.0,4.0,4.0,0.5922589076875889,39.941940734450995
afrr:2025-08-19:16-20:up,up,22140,22156,16.86,1.0,4.0,4.0,1.0,67.44
afrr:2025-08-19:20-24:up,up,22156,22172,16.86,1.0,4.0,4.0,0.8780811655710112,59.21779380610899
afrr:2025-08-20:0-4:up,up,22172,22188,16.86,1.0,4.0,4.0,0.7273066666666667,49.0495616
afrr:2025-08-20:4-8:up,up,22188,22204,16.86,1.0,4.0,4.0,1.0,67.44
afrr:2025-08-20:8-12:up,up,22204,22220,16.86,1.0,4.0,4.0,0.7729115151515151,52.12515258181818
afrr:2025-08-20:12-16:up,up,22220,22236,16.86,1.0,4.0,4.0,0.7172266666666667,48.369766399999996
afrr:2025-08-20:16-20:up,up,22236,22252,16.86,1.0,4.0,4.0,1.0,67.44
afrr:2025-08-20:20-24:up,up,22252,22268,16.86,1.0,4.0,4.0,0.8036976867224424,54.20137199256151
afrr:2025-08-21:0-4:up,up,22268,22284,16.86,1.0,4.0,4.0,0.7795110542015267,52.570225495350954
afrr:2025-08-21:4-8:up,up,22284,22300,16.86,1.0,4.0,4.0,0.9953805591124045,67.12846490654056
afrr:2025-08-21:8-12:up,up,22300,22316,16.86,1.0,4.0,4.0,0.7465354193343035,50.346348679905425
afrr:2025-08-21:12-16:up,up,22316,22332,16.86,1.0,4.0,4.0,0.8825769556259095,59.52098988741134
afrr:2025-08-21:16-20:up,up,22332,22348,16.86,1.0,4.0,4.0,1.0,67.44
afrr:2025-08-21:20-24:up,up,22348,22364,16.86,1.0,4.0,4.0,1.0,67.44
afrr:2025-08-22:0-4:up,up,22364,22380,16.86,1.0,4.0,4.0,1.0,67.44
afrr:2025-08-22:4-8:up,up,22380,22396,16.86,1.0,4.0,4.0,1.0,67.44
afrr:2025-08-22:8-12:up,up,22396,22412,16.86,1.0,4.0,4.0,1.0,67.44
afrr:2025-08-22:12-16:up,up,22412,22428,16.86,1.0,4.0,4.0,0.753369315653447,50.807226647668465
afrr:2025-08-22:16-20:up,up,22428,22444,16.86,1.0,4.0,4.0,1.0,67.44
afrr:2025-08-22:20-24:up,up,22444,22460,16.86,1.0,4.0,4.0,0.9695,65.38308
afrr:2025-08-23:0-4:up,up,22460,22476,16.86,1.0,4.0,4.0,1.0,67.44
afrr:2025-08-23:4-8:up,up,22476,22492,16.86,1.0,4.0,4.0,0.8702000000000002,58.68628800000001
afrr:2025-08-23:8-12:up,up,22492,22508,16.86,1.0,4.0,4.0,0.5161625000000004,34.809999000000026
afrr:2025-08-23:12-16:up,up,22508,22524,16.86,1.0,4.0,4.0,0.8564718750000002,57.760463250000015
afrr:2025-08-23:16-20:up,up,22524,22540,16.86,1.0,4.0,4.0,1.0,67.44
afrr:2025-08-23:20-24:up,up,22540,22556,16.86,1.0,4.0,4.0,1.0,67.44
afrr:2025-08-24:0-4:up,up,22556,22572,16.86,1.0,4.0,4.0,1.0,67.44
afrr:2025-08-24:4-8:up,up,22572,22588,16.86,1.0,4.0,4.0,0.6875000000000001,46.36500000000001
afrr:2025-08-24:8-12:up,up,22588,22604,16.86,1.0,4.0,4.0,0.515625,34.77375
afrr:2025-08-24:12-16:up,up,22604,22620,16.86,1.0,4.0,4.0,1.0,67.44
afrr:2025-08-24:16-20:up,up,22620,22636,16.86,1.0,4.0,4.0,1.0,67.44
afrr:2025-08-24:20-24:up,up,22636,22652,16.86,1.0,4.0,4.0,0.7653293846038429,51.61381369768316
afrr:2025-08-25:20-24:up,up,22732,22748,16.86,1.0,4.0,4.0,1.0,67.44
afrr:2025-08-26:8-12:up,up,22780,22796,16.86,1.0,4.0,4.0,0.49027692307692333,33.06427569230771
afrr:2025-08-26:20-24:up,up,22828,22844,16.86,1.0,4.0,4.0,1.0,67.44
afrr:2025-08-27:20-24:up,up,22924,22940,16.86,1.0,4.0,4.0,1.0,67.44
afrr:2025-08-28:0-4:up,up,22940,22956,16.86,1.0,4.0,4.0,1.0,67.44
afrr:2025-08-28:4-8:up,up,22956,22972,16.86,1.0,4.0,4.0,1.0,67.44
afrr:2025-08-28:20-24:up,up,23020,23036,16.86,1.0,4.0,4.0,1.0,67.44
afrr:2025-08-29:0-4:up,up,23036,23052,16.86,1.0,4.0,4.0,0.9698275862068966,65.4051724137931
afrr:2025-08-29:4-8:up,up,23052,23068,16.86,1.0,4.0,4.0,0.9787963262808334,66.0100242443794
afrr:2025-08-29:8-12:up,up,23068,23084,16.86,1.0,4.0,4.0,0.755815629128717,50.972206028440674
afrr:2025-08-29:16-20:up,up,23100,23116,16.86,1.0,4.0,4.0,0.81415,54.906276
afrr:2025-08-29:20-24:up,up,23116,23132,16.86,1.0,4.0,4.0,1.0,67.44
afrr:2025-08-30:0-4:up,up,23132,23148,16.86,1.0,4.0,4.0,0.43759494444971175,29.51140305368856
afrr:2025-08-30:4-8:up,up,23148,23164,16.86,1.0,4.0,4.0,0.3594909090909093,24.24406690909092
afrr:2025-08-30:8-12:up,up,23164,23180,16.86,1.0,4.0,4.0,0.3594909090909093,24.24406690909092
afrr:2025-08-30:16-20:up,up,23196,23212,16.86,1.0,4.0,4.0,1.0,67.44
afrr:2025-08-30:20-24:up,up,23212,23228,16.86,1.0,4.0,4.0,0.5045915242011079,34.02965239212271
afrr:2025-08-31:0-4:up,up,23228,23244,16.86,1.0,4.0,4.0,0.8613999999999999,58.09281599999999
afrr:2025-08-31:4-8:up,up,23244,23260,16.86,1.0,4.0,4.0,1.0,67.44
afrr:2025-08-31:8-12:up,up,23260,23276,16.86,1.0,4.0,4.0,0.8750019199110506,59.01012947880125
afrr:2025-08-31:16-20:up,up,23292,23308,16.86,1.0,4.0,4.0,1.0,67.44
afrr:2025-08-31:20-24:up,up,23308,23324,16.86,1.0,4.0,4.0,1.0,67.44
afrr:2025-09-01:0-4:up,up,23324,23340,16.86,1.0,4.0,4.0,0.496,33.45024
afrr:2025-09-01:4-8:up,up,23340,23356,16.86,1.0,4.0,4.0,0.9086500000000001,61.279356
afrr:2025-09-01:20-24:up,up,23404,23420,16.86,1.0,4.0,4.0,1.0,67.44
afrr:2025-09-02:0-4:up,up,23420,23436,16.86,1.0,4.0,4.0,1.0,67.44
afrr:2025-09-02:4-8:up,up,23436,23452,16.86,1.0,4.0,4.0,0.6250000000000001,42.150000000000006
afrr:2025-09-02:20-24:up,up,23500,23516,16.86,1.0,4.0,4.0,1.0,67.44
afrr:2025-09-03:0-4:up,up,23516,23532,16.86,1.0,4.0,4.0,0.9375,63.224999999999994
afrr:2025-09-03:4-8:up,up,23532,23548,16.86,1.0,4.0,4.0,0.7031250000000002,47.41875000000001
afrr:2025-09-03:20-24:up,up,23596,23612,16.86,1.0,4.0,4.0,1.0,67.44
afrr:2025-09-04:0-4:up,up,23612,23628,16.86,1.0,4.0,4.0,1.0,67.44
afrr:2025-09-04:4-8:up,up,23628,23644,16.86,1.0,4.0,4.0,1.0,67.44
afrr:2025-09-04:8-12:up,up,23644,23660,16.86,1.0,4.0,4.0,0.7324922241379026,49.399275595860146
afrr:2025-09-04:12-16:up,up,23660,23676,16.86,1.0,4.0,4.0,0.829507640086189,55.941995247412585
afrr:2025-09-04:16-20:up,up,23676,23692,16.86,1.0,4.0,4.0,0.9404115449892263,63.42135459407342
afrr:2025-09-04:20-24:up,up,23692,23708,16.86,1.0,4.0,4.0,1.0,67.44
afrr:2025-09-05:20-24:up,up,23788,23804,16.86,1.0,4.0,4.0,1.0,67.44
afrr:2025-09-06:4-8:up,up,23820,23836,16.86,1.0,4.0,4.0,0.5000467727777042,33.72315435612837
afrr:2025-09-06:20-24:up,up,23884,23900,16.86,1.0,4.0,4.0,1.0,67.44
afrr:2025-09-07:20-24:up,up,23980,23996,16.86,1.0,4.0,4.0,1.0,67.44
afrr:2025-09-08:16-20:up,up,24060,24076,16.86,1.0,4.0,4.0,1.0,67.44
afrr:2025-09-08:20-24:up,up,24076,24092,16.86,1.0,4.0,4.0,0.5719929919670715,38.5752073782593
afrr:2025-09-09:16-20:up,up,24156,24172,16.86,1.0,4.0,4.0,0.9086500000000001,61.279356
afrr:2025-09-09:20-24:up,up,24172,24188,16.86,1.0,4.0,4.0,0.9559000000000001,64.465896
afrr:2025-09-10:0-4:up,up,24188,24204,16.86,1.0,4.0,4.0,0.896475,60.458274
afrr:2025-09-10:4-8:up,up,24204,24220,16.86,1.0,4.0,4.0,1.0,67.44
afrr:2025-09-10:8-12:up,up,24220,24236,16.86,1.0,4.0,4.0,0.8572690303434833,57.81422340636451
afrr:2025-09-10:12-16:up,up,24236,24252,16.86,1.0,4.0,4.0,0.7409243449583587,49.96793782399171
afrr:2025-09-10:16-20:up,up,24252,24268,16.86,1.0,4.0,4.0,0.8610766853203079,58.07101165800156
afrr:2025-09-10:20-24:up,up,24268,24284,16.86,1.0,4.0,4.0,0.6704729283251922,45.21669428625096
afrr:2025-09-11:16-20:up,up,24348,24364,16.86,1.0,4.0,4.0,1.0,67.44
afrr:2025-09-11:20-24:up,up,24364,24380,16.86,1.0,4.0,4.0,0.576503952623473,38.879426564927016
afrr:2025-09-12:16-20:up,up,24444,24460,16.86,1.0,4.0,4.0,1.0,67.44
afrr:2025-09-12:20-24:up,up,24460,24476,16.86,1.0,4.0,4.0,0.5758147772298916,38.83294857638389
afrr:2025-09-13:16-20:up,up,24540,24556,16.86,1.0,4.0,4.0,1.0,67.44
afrr:2025-09-13:20-24:up,up,24556,24572,16.86,1.0,4.0,4.0,0.8459546556925184,57.05118197990344
afrr:2025-09-14:16-20:up,up,24636,24652,16.86,1.0,4.0,4.0,1.0,67.44
afrr:2025-09-14:20-24:up,up,24652,24668,16.86,1.0,4.0,4.0,0.48686277981444376,32.834025870686084
afrr:2025-09-15:20-24:up,up,24748,24764,16.86,1.0,4.0,4.0,1.0,67.44
afrr:2025-09-16:20-24:up,up,24844,24860,16.86,1.0,4.0,4.0,1.0,67.44
afrr:2025-09-17:20-24:up,up,24940,24956,16.86,1.0,4.0,4.0,1.0,67.44
afrr:2025-09-18:4-8:up,up,24972,24988,16.86,1.0,4.0,4.0,1.0,67.44
afrr:2025-09-18:20-24:up,up,25036,25052,16.86,1.0,4.0,4.0,1.0,67.44
afrr:2025-09-19:4-8:up,up,25068,25084,16.86,1.0,4.0,4.0,0.998388181799361,67.3312989805489
afrr:2025-09-19:20-24:up,up,25132,25148,16.86,1.0,4.0,4.0,1.0,67.44
afrr:2025-09-20:16-20:up,up,25212,25228,16.86,1.0,4.0,4.0,1.0,67.44
afrr:2025-09-20:20-24:up,up,25228,25244,16.86,1.0,4.0,4.0,0.9474172079249409,63.89381650245801
afrr:2025-09-21:16-20:up,up,25308,25324,16.86,1.0,4.0,4.0,1.0,67.44
afrr:2025-09-21:20-24:up,up,25324,25340,16.86,1.0,4.0,4.0,0.8134793592883978,54.861047990409546
afrr:2025-09-22:20-24:up,up,25420,25436,16.86,1.0,4.0,4.0,1.0,67.44
afrr:2025-09-23:0-4:up,up,25436,25452,16.86,1.0,4.0,4.0,0.95275,64.25345999999999
afrr:2025-09-23:4-8:up,up,25452,25468,16.86,1.0,4.0,4.0,1.0,67.44
afrr:2025-09-23:8-12:up,up,25468,25484,16.86,1.0,4.0,4.0,0.869281251291206,58.62432758707893
afrr:2025-09-23:12-16:up,up,25484,25500,16.86,1.0,4.0,4.0,0.7879119269305588,53.13678035219688
afrr:2025-09-24:8-12:up,up,25564,25580,16.86,1.0,4.0,4.0,0.9630737573564347,64.94969419611796
afrr:2025-09-24:16-20:up,up,25596,25612,16.86,1.0,4.0,4.0,1.0,67.44
afrr:2025-09-25:8-12:up,up,25660,25676,16.86,1.0,4.0,4.0,0.9198667366680497,62.035812720893276
afrr:2025-09-25:16-20:up,up,25692,25708,16.86,1.0,4.0,4.0,1.0,67.44
afrr:2025-09-25:20-24:up,up,25708,25724,16.86,1.0,4.0,4.0,1.0,67.44
afrr:2025-09-26:4-8:up,up,25740,25756,16.86,1.0,4.0,4.0,0.8130636363636363,54.83301163636363
afrr:2025-09-26:8-12:up,up,25756,25772,16.86,1.0,4.0,4.0,0.9935120328282827,67.00245149393939
afrr:2025-09-26:20-24:up,up,25804,25820,16.86,1.0,4.0,4.0,1.0,67.44
afrr:2025-09-27:20-24:up,up,25900,25916,16.86,1.0,4.0,4.0,1.0,67.44
afrr:2025-09-28:20-24:up,up,25996,26012,16.86,1.0,4.0,4.0,1.0,67.44
afrr:2025-09-29:20-24:up,up,26092,26108,16.86,1.0,4.0,4.0,1.0,67.44
afrr:2025-10-01:16-20:up,up,26268,26284,16.86,1.0,4.0,4.0,1.0,67.44
afrr:2025-10-01:20-24:up,up,26284,26300,16.86,1.0,4.0,4.0,0.5055110639526016,34.09166615296345
afrr:2025-10-02:16-20:up,up,26364,26380,16.86,1.0,4.0,4.0,1.0,67.44
afrr:2025-10-02:20-24:up,up,26380,26396,16.86,1.0,4.0,4.0,0.7357000050885901,49.615608343174515
afrr:2025-10-03:16-20:up,up,26460,26476,16.86,1.0,4.0,4.0,1.0,67.44
afrr:2025-10-03:20-24:up,up,26476,26492,16.86,1.0,4.0,4.0,0.3597034550572082,24.25840100905812
afrr:2025-10-04:16-20:up,up,26556,26572,16.86,1.0,4.0,4.0,1.0,67.44
afrr:2025-10-04:20-24:up,up,26572,26588,16.86,1.0,4.0,4.0,1.0,67.44
afrr:2025-10-05:16-20:up,up,26652,26668,16.86,1.0,4.0,4.0,1.0,67.44
afrr:2025-10-05:20-24:up,up,26668,26684,16.86,1.0,4.0,4.0,0.7348077292082293,49.55543325780299
afrr:2025-10-06:16-20:up,up,26748,26764,16.86,1.0,4.0,4.0,1.0,67.44
afrr:2025-10-07:0-4:up,up,26780,26796,16.86,1.0,4.0,4.0,0.7593823850972075,51.21274805095567
afrr:2025-10-07:4-8:up,up,26796,26812,16.86,1.0,4.0,4.0,0.9538573662009544,64.32814077659236
afrr:2025-10-07:8-12:up,up,26812,26828,16.86,1.0,4.0,4.0,0.9844839146124402,66.39359520146297
afrr:2025-10-07:12-16:up,up,26828,26844,16.86,1.0,4.0,4.0,0.9973963425992276,67.2644093448919
afrr:2025-10-07:16-20:up,up,26844,26860,16.86,1.0,4.0,4.0,0.9688313642937741,65.33798720797212
afrr:2025-10-07:20-24:up,up,26860,26876,16.86,1.0,4.0,4.0,0.9188266666666666,61.96567039999999
afrr:2025-10-08:0-4:up,up,26876,26892,16.86,1.0,4.0,4.0,0.8851466666666667,59.6942912
afrr:2025-10-08:4-8:up,up,26892,26908,16.86,1.0,4.0,4.0,1.0,67.44
afrr:2025-10-08:16-20:up,up,26940,26956,16.86,1.0,4.0,4.0,1.0,67.44
afrr:2025-10-08:20-24:up,up,26956,26972,16.86,1.0,4.0,4.0,0.8125148335870543,54.79600037711094
afrr:2025-10-09:0-4:up,up,26972,26988,16.86,1.0,4.0,4.0,0.8326539480911,56.154182259263784
afrr:2025-10-09:4-8:up,up,26988,27004,16.86,1.0,4.0,4.0,1.0,67.44
afrr:2025-10-09:16-20:up,up,27036,27052,16.86,1.0,4.0,4.0,1.0,67.44
afrr:2025-10-09:20-24:up,up,27052,27068,16.86,1.0,4.0,4.0,1.0,67.44
afrr:2025-10-10:0-4:up,up,27068,27084,16.86,1.0,4.0,4.0,0.95275,64.25345999999999
afrr:2025-10-10:4-8:up,up,27084,27100,16.86,1.0,4.0,4.0,0.9086500000000001,61.279356
afrr:2025-10-10:8-12:up,up,27100,27116,16.86,1.0,4.0,4.0,1.0,67.44
afrr:2025-10-10:16-20:up,up,27132,27148,16.86,1.0,4.0,4.0,1.0,67.44
afrr:2025-10-10:20-24:up,up,27148,27164,16.86,1.0,4.0,4.0,1.0,67.44
afrr:2025-10-11:0-4:up,up,27164,27180,16.86,1.0,4.0,4.0,0.6875000000000001,46.36500000000001
afrr:2025-10-11:4-8:up,up,27180,27196,16.86,1.0,4.0,4.0,0.9615500000000003,64.84693200000002
afrr:2025-10-11:8-12:up,up,27196,27212,16.86,1.0,4.0,4.0,1.0,67.44
afrr:2025-10-11:16-20:up,up,27228,27244,16.86,1.0,4.0,4.0,1.0,67.44
afrr:2025-10-11:20-24:up,up,27244,27260,16.86,1.0,4.0,4.0,0.9668247913721459,65.20266393013752
afrr:2025-10-12:4-8:up,up,27276,27292,16.86,1.0,4.0,4.0,0.9559000000000001,64.465896
afrr:2025-10-12:8-12:up,up,27292,27308,16.86,1.0,4.0,4.0,0.8805125,59.381763
afrr:2025-10-12:16-20:up,up,27324,27340,16.86,1.0,4.0,4.0,0.9086500000000001,61.279356
afrr:2025-10-12:20-24:up,up,27340,27356,16.86,1.0,4.0,4.0,0.7410656249999998,49.977465749999986
afrr:2025-10-13:0-4:up,up,27356,27372,16.86,1.0,4.0,4.0,0.8352158203125,56.32695492187499
afrr:2025-10-13:4-8:up,up,27372,27388,16.86,1.0,4.0,4.0,1.0,67.44
afrr:2025-10-13:8-12:up,up,27388,27404,16.86,1.0,4.0,4.0,0.8566000000000001,57.769104000000006
afrr:2025-10-13:16-20:up,up,27420,27436,16.86,1.0,4.0,4.0,1.0,67.44
afrr:2025-10-13:20-24:up,up,27436,27452,16.86,1.0,4.0,4.0,0.7168240050917135,48.34261090338516
afrr:2025-10-14:4-8:up,up,27468,27484,16.86,1.0,4.0,4.0,1.0,67.44
afrr:2025-10-14:8-12:up,up,27484,27500,16.86,1.0,4.0,4.0,0.5941333333333333,40.068352
afrr:2025-10-14:16-20:up,up,27516,27532,16.86,1.0,4.0,4.0,1.0,67.44
afrr:2025-10-14:20-24:up,up,27532,27548,16.86,1.0,4.0,4.0,0.4086312498687727,27.55809149115003
afrr:2025-10-15:4-8:up,up,27564,27580,16.86,1.0,4.0,4.0,0.9074445311679832,61.19805918196878
afrr:2025-10-15:8-12:up,up,27580,27596,16.86,1.0,4.0,4.0,1.0,67.44
afrr:2025-10-15:12-16:up,up,27596,27612,16.86,1.0,4.0,4.0,0.95275,64.25345999999999
afrr:2025-10-15:16-20:up,up,27612,27628,16.86,1.0,4.0,4.0,0.8650666666666667,58.340095999999996
afrr:2025-10-15:20-24:up,up,27628,27644,16.86,1.0,4.0,4.0,1.0,67.44
afrr:2025-10-16:8-12:up,up,27676,27692,16.86,1.0,4.0,4.0,1.0,67.44
afrr:2025-10-16:12-16:up,up,27692,27708,16.86,1.0,4.0,4.0,1.0,67.44
afrr:2025-10-16:16-20:up,up,27708,27724,16.86,1.0,4.0,4.0,0.997987902950827,67.30430417500376
afrr:2025-10-17:8-12:up,up,27772,27788,16.86,1.0,4.0,4.0,0.9945912582447739,67.07523445602754
afrr:2025-10-17:16-20:up,up,27804,27820,16.86,1.0,4.0,4.0,0.08389101733712569,5.657610209215756
afrr:2025-11-07:16-20:up,up,29824,29840,16.86,1.0,4.0,4.0,1.0,67.44
afrr:2025-11-08:16-20:up,up,29920,29936,16.86,1.0,4.0,4.0,0.9962070790906952,67.18420541387648
afrr:2025-11-19:16-20:up,up,30976,30992,16.86,1.0,4.0,4.0,1.0,67.44
afrr:2025-11-25:16-20:up,up,31552,31568,16.86,1.0,4.0,4.0,1.0,67.44
afrr:2025-11-26:8-12:up,up,31616,31632,16.86,1.0,4.0,4.0,1.0,67.44
afrr:2025-11-26:12-16:up,up,31632,31648,16.86,1.0,4.0,4.0,0.6689059451697802,45.111016942249975
afrr:2025-11-26:16-20:up,up,31648,31664,16.86,1.0,4.0,4.0,0.7765860804504463,52.372965265578095
afrr:2025-11-27:8-12:up,up,31712,31728,16.86,1.0,4.0,4.0,1.0,67.44
afrr:2025-11-27:16-20:up,up,31744,31760,16.86,1.0,4.0,4.0,0.8911999999999998,60.102527999999985
afrr:2025-11-28:8-12:up,up,31808,31824,16.86,1.0,4.0,4.0,1.0,67.44
afrr:2025-11-28:12-16:up,up,31824,31840,16.86,1.0,4.0,4.0,1.0,67.44
afrr:2025-11-28:16-20:up,up,31840,31856,16.86,1.0,4.0,4.0,1.0,67.44
afrr:2025-11-29:16-20:up,up,31936,31952,16.86,1.0,4.0,4.0,0.4376000000000001,29.511744000000007
afrr:2025-12-02:16-20:up,up,32224,32240,16.86,1.0,4.0,4.0,1.0,67.44
afrr:2025-12-03:16-20:up,up,32320,32336,16.86,1.0,4.0,4.0,1.0,67.44
afrr:2025-12-04:16-20:up,up,32416,32432,16.86,1.0,4.0,4.0,1.0,67.44
afrr:2025-12-05:16-20:up,up,32512,32528,16.86,1.0,4.0,4.0,0.8382000000000002,56.52820800000001
afrr:2025-12-06:16-20:up,up,32608,32624,16.86,1.0,4.0,4.0,1.0,67.44
afrr:2025-12-07:16-20:up,up,32704,32720,16.86,1.0,4.0,4.0,1.0,67.44
afrr:2025-12-16:16-20:up,up,33568,33584,16.86,1.0,4.0,4.0,1.0,67.44
afrr:2025-12-17:16-20:up,up,33664,33680,16.86,1.0,4.0,4.0,0.4479556969780277,30.210132204198185
afrr:2025-12-18:16-20:up,up,33760,33776,16.86,1.0,4.0,4.0,0.4483333863667603,30.235603576574313
